bloodmeal_id,similarity,human_id
K01_00102,0.6,K01_1
K01_00102,0.6,K01_3
K01_00102,0.6,K01_6
K01_00103,1,K01_5
K01_00107,0.4,K02_3
K01_00107,0.4,K02_7
K01_00107,0.4,L01_6
K01_00107,0.4,L04_6
K01_00107,0.4,N08_2
K01_00107,0.4,N16_2
K01_00107,0.4,S04_11
K01_00107,0.4,S14_9
K01_00116,1,L08_7
K01_00119,1,K01_4
K01_00120,0.6,K01_4
K01_00120,0.6,K01_7
K01_00123,1,K01_5
K01_00126,0.7,K01_4
K01_00129,1,K01_5
K01_00131,1,K01_4
K01_00132,1,K01_5
K01_00139,1,K01_3
K01_00159,1,K01_5
K01_00160,1,K01_5
K01_00179,1,K01_5
K01_00188,0.9,K01_8
K01_00193,1,S02_4
K01_00194,0.2,K17_2
K01_00194,0.2,K17_3
K01_00194,0.2,K17_4
K01_00194,0.2,L11_2
K01_00194,0.2,M12_2
K01_00194,0.2,N11_18
K01_00194,0.2,S01_20
K01_00194,0.2,S14_13
K01_00194,0.2,S14_9
K02_00122,1,K02_6
K02_00124,1,K02_5
K02_00125,1,K02_6
K02_00126,1,K02_6
K02_00133,0.3,K02_13
K02_00133,0.3,K02_9
K02_00133,0.3,L11_6
K02_00133,0.3,M13_3
K02_00133,0.3,N11_12
K02_00133,0.3,N11_16
K02_00133,0.3,N12_4
K02_00133,0.3,N15_2
K02_00133,0.3,N15_7
K02_00133,0.3,S10_3
K02_00134,1,K02_7
K02_00136,1,K02_13
K02_00142,1,K02_5
K02_00143,1,K02_10
K02_00144,1,K02_6
K02_00147,1,K02_10
K02_00149,1,K02_10
K02_00163,1,K02_8
K02_00166,1,K02_5
K02_00168,1,K02_6
K02_00182,1,K02_7
K02_00185,1,K02_7
K02_00188,1,K02_5
K02_00209,0.5,L09_1
K02_00210,0.3,K02_13
K02_00210,0.3,K02_9
K02_00210,0.3,L11_6
K02_00210,0.3,M13_3
K02_00210,0.3,N11_12
K02_00210,0.3,N11_16
K02_00210,0.3,N12_4
K02_00210,0.3,N15_2
K02_00210,0.3,N15_7
K02_00210,0.3,S10_3
K02_00216,1,K02_5
K02_00230,1,K02_5
K02_00237,1,K02_5
K03_00080,1,K03_6
K03_00096,0.1,M05_4
K03_00096,0.1,M09_7
K03_00096,0.1,M13_14
K03_00096,0.1,N08_2
K03_00096,0.1,N11_21
K03_00096,0.1,N11_6
K03_00096,0.1,S05_11
K03_00111,1,K03_5
K04_00022,1,K04_1
K04_00025,0.5,K04_2
K04_00025,0.5,K04_5
K04_00026,1,K04_4
K04_00029,1,K04_3
K04_00032,1,K04_5
K04_00045,1,K04_2
K04_00046,1,K04_1
K04_00053,1,K04_1
K04_00054,1,K04_5
K05_00141,1,K05_3
K05_00145,1,K05_3
K05_00148,1,K05_3
K05_00153,1,K05_5
K05_00155,1,K05_3
K05_00157,1,K05_5
K05_00167,1,K05_1
K05_00171,0.3,M13_4
K05_00171,0.3,S01_3
K05_00171,0.3,S03_1
K05_00173,0.3,K05_4
K05_00173,0.3,K07_8
K05_00173,0.3,K13_18
K05_00173,0.3,K14_8
K05_00173,0.3,L08_6
K05_00173,0.3,N07_2
K05_00173,0.3,N07_5
K05_00173,0.3,N09_10
K05_00173,0.3,S01_6
K05_00174,1,K05_7
K05_00175,1,K05_1
K05_00176,1,K05_4
K05_00177,0.4,K05_7
K05_00181,1,K05_3
K05_00186,0.3,L05_9
K05_00186,0.3,L11_2
K05_00186,0.3,S14_9
K05_00193,1,K05_4
K05_00198,0.2,K02_11
K05_00198,0.2,K05_4
K05_00198,0.2,K05_5
K05_00198,0.2,K07_11
K05_00198,0.2,K07_8
K05_00198,0.2,K09_1
K05_00198,0.2,K09_17
K05_00198,0.2,K10_5
K05_00198,0.2,K13_1
K05_00198,0.2,K13_18
K05_00198,0.2,K14_8
K05_00198,0.2,L03_8
K05_00198,0.2,L04_4
K05_00198,0.2,L08_6
K05_00198,0.2,L14_5
K05_00198,0.2,L15_2
K05_00198,0.2,L15_4
K05_00198,0.2,L16_6
K05_00198,0.2,L17_2
K05_00198,0.2,L17_3
K05_00198,0.2,L17_6
K05_00198,0.2,L18_7
K05_00198,0.2,M09_4
K05_00198,0.2,M12_12
K05_00198,0.2,M13_5
K05_00198,0.2,M15_1
K05_00198,0.2,M15_4
K05_00198,0.2,N06_10
K05_00198,0.2,N07_2
K05_00198,0.2,N07_5
K05_00198,0.2,N09_10
K05_00198,0.2,N14_5
K05_00198,0.2,N14_6
K05_00198,0.2,S01_3
K05_00198,0.2,S01_6
K05_00198,0.2,S03_1
K05_00198,0.2,S04_12
K05_00198,0.2,S04_4
K05_00198,0.2,S06_2
K05_00198,0.2,S08_13
K05_00198,0.2,S09_4
K05_00198,0.2,S09_5
K05_00198,0.2,S15_2
K05_00198,0.2,S15_4
K05_00203,1,K05_4
K05_00205,1,K05_6
K05_00206,1,K05_3
K05_00211,1,K05_3
K05_00213,1,K05_3
K05_00216,1,K05_3
K05_00217,1,K05_3
K05_00218,1,K05_3
K05_00232,1,K05_5
K05_00234,1,K05_5
K05_00235,1,K05_5
K05_00242,0.3,L03_6
K05_00243,0.3,K09_8
K05_00243,0.3,K10_2
K05_00243,0.3,K14_3
K05_00243,0.3,L07_4
K05_00243,0.3,L17_1
K05_00243,0.3,L19_1
K05_00243,0.3,M15_5
K05_00243,0.3,N02_4
K05_00243,0.3,N06_11
K05_00243,0.3,S09_3
K05_00243,0.3,S14_15
K05_00243,0.3,S16_10
K05_00313,0.1,K01_4
K05_00313,0.1,K01_8
K05_00313,0.1,K02_10
K05_00313,0.1,K02_3
K05_00313,0.1,K02_7
K05_00313,0.1,K05_2
K05_00313,0.1,K05_3
K05_00313,0.1,K05_7
K05_00313,0.1,K07_1
K05_00313,0.1,K07_10
K05_00313,0.1,K07_3
K05_00313,0.1,K07_7
K05_00313,0.1,K09_18
K05_00313,0.1,K10_4
K05_00313,0.1,K13_11
K05_00313,0.1,K13_13
K05_00313,0.1,K14_1
K05_00313,0.1,K14_10
K05_00313,0.1,K14_3
K05_00313,0.1,K14_9
K05_00313,0.1,K15_2
K05_00313,0.1,K16_6
K05_00313,0.1,L01_6
K05_00313,0.1,L09_4
K05_00313,0.1,L09_7
K05_00313,0.1,L09_8
K05_00313,0.1,L11_1
K05_00313,0.1,L13_6
K05_00313,0.1,L14_10
K05_00313,0.1,L15_1
K05_00313,0.1,L16_2
K05_00313,0.1,L16_4
K05_00313,0.1,L19_2
K05_00313,0.1,M04_4
K05_00313,0.1,M07_1
K05_00313,0.1,M09_9
K05_00313,0.1,M13_1
K05_00313,0.1,M13_12
K05_00313,0.1,M13_13
K05_00313,0.1,M13_16
K05_00313,0.1,M13_17
K05_00313,0.1,M13_2
K05_00313,0.1,M13_4
K05_00313,0.1,M14_2
K05_00313,0.1,M14_5
K05_00313,0.1,M14_7
K05_00313,0.1,M15_10
K05_00313,0.1,M15_3
K05_00313,0.1,M16_8
K05_00313,0.1,M17_3
K05_00313,0.1,M18_2
K05_00313,0.1,M18_4
K05_00313,0.1,N01_1
K05_00313,0.1,N03_1
K05_00313,0.1,N05_5
K05_00313,0.1,N06_1
K05_00313,0.1,N06_3
K05_00313,0.1,N06_4
K05_00313,0.1,N07_3
K05_00313,0.1,N07_8
K05_00313,0.1,N08_2
K05_00313,0.1,N09_8
K05_00313,0.1,N10_1
K05_00313,0.1,N10_3
K05_00313,0.1,N11_13
K05_00313,0.1,N11_3
K05_00313,0.1,N11_4
K05_00313,0.1,N16_2
K05_00313,0.1,N16_3
K05_00313,0.1,S01_15
K05_00313,0.1,S01_3
K05_00313,0.1,S01_7
K05_00313,0.1,S02_1
K05_00313,0.1,S02_2
K05_00313,0.1,S02_3
K05_00313,0.1,S02_4
K05_00313,0.1,S02_5
K05_00313,0.1,S02_7
K05_00313,0.1,S02_8
K05_00313,0.1,S03_1
K05_00313,0.1,S04_11
K05_00313,0.1,S04_2
K05_00313,0.1,S04_3
K05_00313,0.1,S06_3
K05_00313,0.1,S08_2
K05_00313,0.1,S09_9
K05_00313,0.1,S10_2
K05_00313,0.1,S10_9
K05_00313,0.1,S13_3
K05_00313,0.1,S14_11
K05_00313,0.1,S14_5
K05_00314,1,K05_3
K05_00315,0.1,K02_4
K05_00315,0.1,K02_8
K05_00315,0.1,K03_2
K05_00315,0.1,K03_3
K05_00315,0.1,K05_1
K05_00315,0.1,K05_3
K05_00315,0.1,K05_4
K05_00315,0.1,K07_2
K05_00315,0.1,K09_14
K05_00315,0.1,K09_2
K05_00315,0.1,K09_6
K05_00315,0.1,K11_2
K05_00315,0.1,K12_1
K05_00315,0.1,K12_2
K05_00315,0.1,K12_4
K05_00315,0.1,K12_5
K05_00315,0.1,K14_10
K05_00315,0.1,K15_1
K05_00315,0.1,K15_3
K05_00315,0.1,K17_1
K05_00315,0.1,L04_1
K05_00315,0.1,L04_5
K05_00315,0.1,L05_13
K05_00315,0.1,L05_5
K05_00315,0.1,L05_6
K05_00315,0.1,L05_7
K05_00315,0.1,L05_9
K05_00315,0.1,L10_2
K05_00315,0.1,L11_3
K05_00315,0.1,L11_6
K05_00315,0.1,L12_1
K05_00315,0.1,L12_2
K05_00315,0.1,L12_6
K05_00315,0.1,L13_1
K05_00315,0.1,L13_12
K05_00315,0.1,L13_3
K05_00315,0.1,L13_8
K05_00315,0.1,L14_9
K05_00315,0.1,M01_1
K05_00315,0.1,M01_5
K05_00315,0.1,M01_7
K05_00315,0.1,M01_8
K05_00315,0.1,M01_9
K05_00315,0.1,M03_2
K05_00315,0.1,M03_4
K05_00315,0.1,M04_1
K05_00315,0.1,M06_4
K05_00315,0.1,M07_10
K05_00315,0.1,M07_2
K05_00315,0.1,M07_8
K05_00315,0.1,M09_3
K05_00315,0.1,M09_9
K05_00315,0.1,M12_11
K05_00315,0.1,M13_13
K05_00315,0.1,M13_14
K05_00315,0.1,M13_15
K05_00315,0.1,M13_5
K05_00315,0.1,M13_6
K05_00315,0.1,M13_7
K05_00315,0.1,M13_8
K05_00315,0.1,M14_1
K05_00315,0.1,M14_4
K05_00315,0.1,M14_5
K05_00315,0.1,M15_10
K05_00315,0.1,M15_3
K05_00315,0.1,M15_4
K05_00315,0.1,M15_9
K05_00315,0.1,M16_1
K05_00315,0.1,M16_4
K05_00315,0.1,M16_7
K05_00315,0.1,M17_3
K05_00315,0.1,M17_4
K05_00315,0.1,M18_4
K05_00315,0.1,N03_4
K05_00315,0.1,N03_6
K05_00315,0.1,N04_4
K05_00315,0.1,N04_5
K05_00315,0.1,N05_1
K05_00315,0.1,N06_2
K05_00315,0.1,N07_3
K05_00315,0.1,N07_5
K05_00315,0.1,N07_8
K05_00315,0.1,N10_2
K05_00315,0.1,N11_2
K05_00315,0.1,N11_3
K05_00315,0.1,N12_2
K05_00315,0.1,N13_9
K05_00315,0.1,S01_18
K05_00315,0.1,S01_21
K05_00315,0.1,S01_3
K05_00315,0.1,S01_4
K05_00315,0.1,S01_6
K05_00315,0.1,S04_11
K05_00315,0.1,S04_15
K05_00315,0.1,S04_6
K05_00315,0.1,S06_2
K05_00315,0.1,S06_3
K05_00315,0.1,S06_6
K05_00315,0.1,S06_7
K05_00315,0.1,S07_4
K05_00315,0.1,S13_5
K05_00315,0.1,S14_12
K05_00315,0.1,S14_16
K05_00315,0.1,S14_3
K05_00315,0.1,S15_1
K05_00315,0.1,S16_2
K05_00315,0.1,S16_4
K05_00315,0.1,S16_5
K05_00315,0.1,S16_7
K05_00315,0.1,S16_8
K05_00318,1,K05_3
K05_00321,0.8,K05_3
K05_00325,1,K05_3
K05_00329,0.6,K05_4
K07_00094,1,K07_11
K07_00096,0.6,K07_5
K07_00117,0.1,K01_12
K07_00117,0.1,K03_3
K07_00117,0.1,K07_13
K07_00117,0.1,K13_13
K07_00117,0.1,K15_1
K07_00117,0.1,K16_6
K07_00117,0.1,L08_2
K07_00117,0.1,L08_5
K07_00117,0.1,L08_6
K07_00117,0.1,L08_7
K07_00117,0.1,M04_2
K07_00117,0.1,M04_4
K07_00117,0.1,M07_8
K07_00117,0.1,M09_3
K07_00117,0.1,M13_10
K07_00117,0.1,M13_6
K07_00117,0.1,M13_9
K07_00117,0.1,M15_3
K07_00117,0.1,M16_1
K07_00117,0.1,M16_3
K07_00117,0.1,M17_5
K07_00117,0.1,N03_4
K07_00117,0.1,N03_6
K07_00117,0.1,N05_5
K07_00117,0.1,N06_1
K07_00117,0.1,N07_1
K07_00117,0.1,N07_4
K07_00117,0.1,N16_3
K07_00117,0.1,S10_2
K07_00117,0.1,S10_7
K07_00117,0.1,S10_9
K07_00117,0.1,S14_14
K07_00117,0.1,S14_4
K07_00120,0.1,K01_3
K07_00120,0.1,K01_5
K07_00120,0.1,K01_7
K07_00120,0.1,K02_6
K07_00120,0.1,K02_8
K07_00120,0.1,K04_2
K07_00120,0.1,K04_5
K07_00120,0.1,K07_10
K07_00120,0.1,K10_8
K07_00120,0.1,K13_3
K07_00120,0.1,K15_5
K07_00120,0.1,L13_15
K07_00120,0.1,L15_3
K07_00120,0.1,L15_4
K07_00120,0.1,M01_3
K07_00120,0.1,M13_11
K07_00120,0.1,M13_12
K07_00120,0.1,M13_7
K07_00120,0.1,M17_4
K07_00120,0.1,M18_3
K07_00120,0.1,N03_2
K07_00120,0.1,N04_7
K07_00120,0.1,N05_2
K07_00120,0.1,N07_1
K07_00120,0.1,N07_3
K07_00120,0.1,N08_6
K07_00120,0.1,N11_20
K07_00120,0.1,N12_1
K07_00120,0.1,N12_14
K07_00120,0.1,N13_3
K07_00120,0.1,N13_5
K07_00120,0.1,N16_3
K07_00120,0.1,S05_6
K07_00120,0.1,S09_4
K07_00120,0.1,S09_9
K07_00120,0.1,S16_7
K09_00043,1,K09_12
K09_00044,0.5,K02_8
K09_00044,0.5,K12_1
K09_00044,0.5,M16_7
K09_00046,1,K09_1
K09_00060,0.5,K09_7
K10_00069,0.4,K10_3
K10_00077,1,K10_7
K10_00080,0.5,L15_1
K10_00081,0.3,K10_2
K10_00087,0.6,K10_3
K10_00100,0.4,K02_6
K10_00100,0.4,N08_1
K10_00100,0.4,N12_6
K10_00100,0.4,S04_13
K10_00101,0.1,K01_10
K10_00101,0.1,K01_12
K10_00101,0.1,K01_2
K10_00101,0.1,K01_4
K10_00101,0.1,K01_5
K10_00101,0.1,K01_6
K10_00101,0.1,K01_7
K10_00101,0.1,K01_8
K10_00101,0.1,K02_11
K10_00101,0.1,K02_12
K10_00101,0.1,K02_13
K10_00101,0.1,K02_3
K10_00101,0.1,K02_7
K10_00101,0.1,K02_8
K10_00101,0.1,K02_9
K10_00101,0.1,K03_2
K10_00101,0.1,K03_4
K10_00101,0.1,K03_5
K10_00101,0.1,K04_2
K10_00101,0.1,K04_6
K10_00101,0.1,K05_1
K10_00101,0.1,K05_4
K10_00101,0.1,K05_5
K10_00101,0.1,K07_11
K10_00101,0.1,K07_13
K10_00101,0.1,K07_14
K10_00101,0.1,K07_3
K10_00101,0.1,K07_8
K10_00101,0.1,K07_9
K10_00101,0.1,K09_1
K10_00101,0.1,K09_12
K10_00101,0.1,K09_13
K10_00101,0.1,K09_14
K10_00101,0.1,K09_16
K10_00101,0.1,K09_17
K10_00101,0.1,K09_18
K10_00101,0.1,K09_6
K10_00101,0.1,K10_4
K10_00101,0.1,K10_5
K10_00101,0.1,K10_7
K10_00101,0.1,K11_2
K10_00101,0.1,K11_5-K13_12
K10_00101,0.1,K11_6
K10_00101,0.1,K12_1
K10_00101,0.1,K12_2
K10_00101,0.1,K12_4
K10_00101,0.1,K12_5
K10_00101,0.1,K13_1
K10_00101,0.1,K13_10
K10_00101,0.1,K13_11
K10_00101,0.1,K13_15-K16_3
K10_00101,0.1,K13_16
K10_00101,0.1,K13_17
K10_00101,0.1,K13_18
K10_00101,0.1,K14_1
K10_00101,0.1,K14_8
K10_00101,0.1,K14_9
K10_00101,0.1,K15_2
K10_00101,0.1,K15_3
K10_00101,0.1,K15_4
K10_00101,0.1,K15_5
K10_00101,0.1,K16_2
K10_00101,0.1,K16_4
K10_00101,0.1,K16_6
K10_00101,0.1,K17_2
K10_00101,0.1,K17_4
K10_00101,0.1,K17_5
K10_00101,0.1,L01_2
K10_00101,0.1,L01_3
K10_00101,0.1,L01_5
K10_00101,0.1,L01_6
K10_00101,0.1,L02_2
K10_00101,0.1,L02_5
K10_00101,0.1,L02_6
K10_00101,0.1,L02_7
K10_00101,0.1,L03_2
K10_00101,0.1,L03_5
K10_00101,0.1,L03_8
K10_00101,0.1,L04_2
K10_00101,0.1,L04_3
K10_00101,0.1,L04_4
K10_00101,0.1,L04_5
K10_00101,0.1,L04_6
K10_00101,0.1,L04_7
K10_00101,0.1,L05_11
K10_00101,0.1,L05_12
K10_00101,0.1,L05_13
K10_00101,0.1,L05_2
K10_00101,0.1,L05_5
K10_00101,0.1,L05_6
K10_00101,0.1,L05_7
K10_00101,0.1,L05_9
K10_00101,0.1,L07_2
K10_00101,0.1,L07_3
K10_00101,0.1,L08_11
K10_00101,0.1,L08_12
K10_00101,0.1,L08_2
K10_00101,0.1,L08_6
K10_00101,0.1,L09_2
K10_00101,0.1,L09_4
K10_00101,0.1,L09_5
K10_00101,0.1,L09_7
K10_00101,0.1,L10_2
K10_00101,0.1,L11_2
K10_00101,0.1,L11_3
K10_00101,0.1,L11_4
K10_00101,0.1,L11_5
K10_00101,0.1,L11_6
K10_00101,0.1,L11_7
K10_00101,0.1,L12_1
K10_00101,0.1,L12_2
K10_00101,0.1,L13_10
K10_00101,0.1,L13_13
K10_00101,0.1,L13_15
K10_00101,0.1,L13_17
K10_00101,0.1,L13_2
K10_00101,0.1,L13_21
K10_00101,0.1,L13_3
K10_00101,0.1,L14_2
K10_00101,0.1,L14_3
K10_00101,0.1,L14_4
K10_00101,0.1,L14_5
K10_00101,0.1,L15_2
K10_00101,0.1,L15_4
K10_00101,0.1,L15_5
K10_00101,0.1,L16_2
K10_00101,0.1,L16_3
K10_00101,0.1,L16_5
K10_00101,0.1,L16_6
K10_00101,0.1,L17_2
K10_00101,0.1,L17_3
K10_00101,0.1,L17_6
K10_00101,0.1,L18_2
K10_00101,0.1,L18_4
K10_00101,0.1,L18_7
K10_00101,0.1,L19_2
K10_00101,0.1,L19_4
K10_00101,0.1,M01_11
K10_00101,0.1,M01_2
K10_00101,0.1,M01_6
K10_00101,0.1,M01_7
K10_00101,0.1,M01_8
K10_00101,0.1,M01_9
K10_00101,0.1,M03_2
K10_00101,0.1,M03_3
K10_00101,0.1,M03_4
K10_00101,0.1,M04_2
K10_00101,0.1,M04_5
K10_00101,0.1,M05_3
K10_00101,0.1,M05_4
K10_00101,0.1,M06_2
K10_00101,0.1,M06_4
K10_00101,0.1,M06_5
K10_00101,0.1,M06_6
K10_00101,0.1,M07_3
K10_00101,0.1,M07_9
K10_00101,0.1,M09_11
K10_00101,0.1,M09_12
K10_00101,0.1,M09_14
K10_00101,0.1,M09_2
K10_00101,0.1,M09_4
K10_00101,0.1,M09_5
K10_00101,0.1,M12_1
K10_00101,0.1,M12_11
K10_00101,0.1,M12_12
K10_00101,0.1,M12_14
K10_00101,0.1,M12_15
K10_00101,0.1,M12_16
K10_00101,0.1,M12_5
K10_00101,0.1,M12_6
K10_00101,0.1,M13_1
K10_00101,0.1,M13_10
K10_00101,0.1,M13_12
K10_00101,0.1,M13_14
K10_00101,0.1,M13_2
K10_00101,0.1,M13_3
K10_00101,0.1,M13_4
K10_00101,0.1,M13_5
K10_00101,0.1,M13_6
K10_00101,0.1,M13_7
K10_00101,0.1,M14_1
K10_00101,0.1,M14_2
K10_00101,0.1,M14_4
K10_00101,0.1,M14_6
K10_00101,0.1,M15_1
K10_00101,0.1,M15_2
K10_00101,0.1,M15_4
K10_00101,0.1,M15_6
K10_00101,0.1,M16_2
K10_00101,0.1,M16_3
K10_00101,0.1,M16_4
K10_00101,0.1,M16_7
K10_00101,0.1,M17_2
K10_00101,0.1,M17_5
K10_00101,0.1,M18_2
K10_00101,0.1,M18_3
K10_00101,0.1,M18_4
K10_00101,0.1,M19_2
K10_00101,0.1,M19_4
K10_00101,0.1,M19_5
K10_00101,0.1,N01_2
K10_00101,0.1,N01_4
K10_00101,0.1,N01_6
K10_00101,0.1,N02_2
K10_00101,0.1,N03_2
K10_00101,0.1,N04_2
K10_00101,0.1,N04_3
K10_00101,0.1,N04_4
K10_00101,0.1,N04_7
K10_00101,0.1,N05_2
K10_00101,0.1,N05_7
K10_00101,0.1,N06_10
K10_00101,0.1,N06_2
K10_00101,0.1,N06_3
K10_00101,0.1,N06_5
K10_00101,0.1,N06_7
K10_00101,0.1,N06_8
K10_00101,0.1,N06_9
K10_00101,0.1,N07_2
K10_00101,0.1,N07_5
K10_00101,0.1,N07_8
K10_00101,0.1,N08_2
K10_00101,0.1,N08_4
K10_00101,0.1,N08_6
K10_00101,0.1,N09_10
K10_00101,0.1,N09_2
K10_00101,0.1,N09_3
K10_00101,0.1,N10_2
K10_00101,0.1,N11_11
K10_00101,0.1,N11_12
K10_00101,0.1,N11_14
K10_00101,0.1,N11_16
K10_00101,0.1,N11_17
K10_00101,0.1,N11_2
K10_00101,0.1,N11_20
K10_00101,0.1,N11_3
K10_00101,0.1,N11_4
K10_00101,0.1,N11_5
K10_00101,0.1,N11_8
K10_00101,0.1,N12_1
K10_00101,0.1,N12_11
K10_00101,0.1,N12_12
K10_00101,0.1,N12_13
K10_00101,0.1,N12_4
K10_00101,0.1,N13_11
K10_00101,0.1,N13_12
K10_00101,0.1,N13_2
K10_00101,0.1,N13_4
K10_00101,0.1,N13_7
K10_00101,0.1,N13_9
K10_00101,0.1,N14_1
K10_00101,0.1,N14_4
K10_00101,0.1,N14_5
K10_00101,0.1,N14_6
K10_00101,0.1,N14_8
K10_00101,0.1,N15_2
K10_00101,0.1,N15_7
K10_00101,0.1,N15_8
K10_00101,0.1,N16_2
K10_00101,0.1,N16_4
K10_00101,0.1,S01_15
K10_00101,0.1,S01_16
K10_00101,0.1,S01_18
K10_00101,0.1,S01_2
K10_00101,0.1,S01_20
K10_00101,0.1,S01_21
K10_00101,0.1,S01_22
K10_00101,0.1,S01_3
K10_00101,0.1,S01_6
K10_00101,0.1,S02_1
K10_00101,0.1,S02_3
K10_00101,0.1,S02_5
K10_00101,0.1,S03_1
K10_00101,0.1,S03_3
K10_00101,0.1,S03_6
K10_00101,0.1,S04_1
K10_00101,0.1,S04_11
K10_00101,0.1,S04_12
K10_00101,0.1,S04_14
K10_00101,0.1,S04_15
K10_00101,0.1,S04_16
K10_00101,0.1,S04_17
K10_00101,0.1,S04_2
K10_00101,0.1,S04_3
K10_00101,0.1,S04_4
K10_00101,0.1,S04_8
K10_00101,0.1,S05_1
K10_00101,0.1,S05_11
K10_00101,0.1,S05_3
K10_00101,0.1,S05_6
K10_00101,0.1,S06_2
K10_00101,0.1,S06_4
K10_00101,0.1,S06_5
K10_00101,0.1,S06_6
K10_00101,0.1,S06_7
K10_00101,0.1,S06_8
K10_00101,0.1,S07_1
K10_00101,0.1,S07_4
K10_00101,0.1,S07_5
K10_00101,0.1,S08_11
K10_00101,0.1,S08_13
K10_00101,0.1,S08_16
K10_00101,0.1,S08_2
K10_00101,0.1,S08_5
K10_00101,0.1,S08_6
K10_00101,0.1,S08_7
K10_00101,0.1,S08_8
K10_00101,0.1,S09_1
K10_00101,0.1,S09_11
K10_00101,0.1,S09_4
K10_00101,0.1,S09_5
K10_00101,0.1,S09_6
K10_00101,0.1,S09_7
K10_00101,0.1,S09_9
K10_00101,0.1,S10_1
K10_00101,0.1,S10_3
K10_00101,0.1,S10_4
K10_00101,0.1,S10_5
K10_00101,0.1,S10_9
K10_00101,0.1,S11_1
K10_00101,0.1,S11_10
K10_00101,0.1,S11_11
K10_00101,0.1,S11_5
K10_00101,0.1,S13_2
K10_00101,0.1,S13_3
K10_00101,0.1,S14_10
K10_00101,0.1,S14_13
K10_00101,0.1,S14_14
K10_00101,0.1,S14_16
K10_00101,0.1,S14_2
K10_00101,0.1,S14_5
K10_00101,0.1,S14_8
K10_00101,0.1,S14_9
K10_00101,0.1,S15_2
K10_00101,0.1,S15_3
K10_00101,0.1,S15_4
K10_00101,0.1,S16_11
K10_00101,0.1,S16_2
K10_00101,0.1,S16_3
K10_00101,0.1,S16_5
K10_00101,0.1,S16_7
K10_00101,0.1,S16_8
K10_00101,0.1,S16_9
K10_00101,0.1,S17_1
K10_00101,0.1,S17_2
K10_00102,0.2,K02_2
K10_00102,0.2,K03_3
K10_00102,0.2,K10_6
K10_00102,0.2,K13_14
K10_00102,0.2,K14_5
K10_00102,0.2,K17_1
K10_00102,0.2,K17_3
K10_00102,0.2,L15_1
K10_00102,0.2,L18_3
K10_00102,0.2,M09_9
K10_00102,0.2,M12_2
K10_00102,0.2,M13_9
K10_00102,0.2,M15_5
K10_00102,0.2,N02_3
K10_00102,0.2,N05_1
K10_00102,0.2,N08_3
K10_00102,0.2,N11_10
K10_00102,0.2,S03_2
K10_00102,0.2,S05_9
K10_00102,0.2,S06_3
K10_00102,0.2,S07_6
K10_00102,0.2,S14_12
K11_00039,0.2,K07_12
K11_00039,0.2,K11_3
K11_00039,0.2,K11_7
K11_00039,0.2,L08_13
K11_00039,0.2,L13_12
K11_00039,0.2,L13_8
K11_00039,0.2,M01_5
K11_00039,0.2,M03_1
K11_00039,0.2,M12_2
K11_00039,0.2,M12_8
K11_00039,0.2,N04_1
K11_00039,0.2,N08_5
K11_00039,0.2,N12_6
K11_00039,0.2,N16_1
K11_00042,0.4,K11_3
K11_00053,0.8,N14_3
K11_00065,1,K11_3
K11_00077,1,K11_5-K13_12
K11_00085,1,K11_1
K11_00088,1,K11_4
K11_00091,0.3,K11_7
K11_00093,1,K11_3
K12_00097,1,K12_7-K14_4
K12_00100,1,K12_7-K14_4
K12_00106,0.9,K12_7-K14_4
K12_00118,1,K12_4
K12_00123,0.6,K12_5
K12_00135,0.3,S07_7
K12_00138,0.3,M17_4
K12_00172,1,K12_4
K12_00173,1,K12_4
K13_00079,0.6,K16_4
K13_00087,0.5,K13_3
K13_00087,0.5,K16_1
K13_00087,0.5,S14_4
K13_00091,0.4,K13_14
K13_00091,0.4,K16_1
K13_00094,1,K16_4
K13_00096,1,K16_5
K13_00098,1,K16_5
K13_00117,1,K13_15-K16_3
K13_00118,0.2,K01_2
K13_00118,0.2,K01_7
K13_00118,0.2,K01_8
K13_00118,0.2,K02_11
K13_00118,0.2,K05_1
K13_00118,0.2,K07_11
K13_00118,0.2,K07_3
K13_00118,0.2,K13_17
K13_00118,0.2,K14_1
K13_00118,0.2,K16_2
K13_00118,0.2,L08_11
K13_00118,0.2,L11_2
K13_00118,0.2,L11_3
K13_00118,0.2,L12_1
K13_00118,0.2,L13_10
K13_00118,0.2,L13_2
K13_00118,0.2,L13_3
K13_00118,0.2,L15_2
K13_00118,0.2,L17_3
K13_00118,0.2,L17_6
K13_00118,0.2,M01_8
K13_00118,0.2,M03_2
K13_00118,0.2,M03_3
K13_00118,0.2,M12_5
K13_00118,0.2,M14_1
K13_00118,0.2,M15_6
K13_00118,0.2,N04_7
K13_00118,0.2,N05_7
K13_00118,0.2,N08_6
K13_00118,0.2,N09_2
K13_00118,0.2,N11_11
K13_00118,0.2,N11_20
K13_00118,0.2,N12_13
K13_00118,0.2,N13_9
K13_00118,0.2,S01_3
K13_00118,0.2,S08_16
K13_00118,0.2,S14_10
K13_00118,0.2,S14_16
K13_00118,0.2,S16_11
K13_00118,0.2,S16_2
K13_00118,0.2,S16_3
K13_00118,0.2,S16_7
K13_00118,0.2,S16_9
K13_00120,1,K13_15-K16_3
K13_00130,1,K13_3
K13_00131,0.3,K09_16
K13_00131,0.3,L04_6
K13_00131,0.3,L14_5
K13_00131,0.3,M01_6
K13_00135,1,K16_5
K13_00137,0.2,K01_3
K13_00137,0.2,K01_5
K13_00137,0.2,K02_6
K13_00137,0.2,K04_5
K13_00137,0.2,K07_1
K13_00137,0.2,K07_10
K13_00137,0.2,K07_5
K13_00137,0.2,K07_6
K13_00137,0.2,K07_7
K13_00137,0.2,K10_8
K13_00137,0.2,K13_3
K13_00137,0.2,L05_4
K13_00137,0.2,L09_1
K13_00137,0.2,L13_1
K13_00137,0.2,L13_5
K13_00137,0.2,L14_1
K13_00137,0.2,L14_7
K13_00137,0.2,L14_8
K13_00137,0.2,L15_3
K13_00137,0.2,L17_1
K13_00137,0.2,M01_1
K13_00137,0.2,M01_3
K13_00137,0.2,M06_3
K13_00137,0.2,M13_11
K13_00137,0.2,M17_4
K13_00137,0.2,N04_1
K13_00137,0.2,N07_1
K13_00137,0.2,N07_3
K13_00137,0.2,N12_1
K13_00137,0.2,N12_14
K13_00137,0.2,N12_8
K13_00137,0.2,N13_10
K13_00137,0.2,N13_3
K13_00137,0.2,N13_5
K13_00137,0.2,N16_3
K13_00137,0.2,S08_1
K13_00145,0.9,K13_3
K13_00155,0.3,K11_1
K13_00155,0.3,K13_1
K13_00157,0.3,K01_12
K13_00157,0.3,K09_16
K13_00157,0.3,L14_4
K13_00157,0.3,N05_7
K13_00157,0.3,S04_1
K13_00157,0.3,S04_12
K13_00157,0.3,S08_7
K13_00157,0.3,S08_8
K13_00157,0.3,S09_5
K13_00157,0.3,S16_5
K13_00158,1,K16_4
K13_00166,0.1,K01_10
K13_00166,0.1,K01_12
K13_00166,0.1,K01_2
K13_00166,0.1,K01_4
K13_00166,0.1,K01_5
K13_00166,0.1,K01_6
K13_00166,0.1,K01_7
K13_00166,0.1,K01_8
K13_00166,0.1,K02_11
K13_00166,0.1,K02_12
K13_00166,0.1,K02_13
K13_00166,0.1,K02_3
K13_00166,0.1,K02_7
K13_00166,0.1,K02_8
K13_00166,0.1,K02_9
K13_00166,0.1,K03_2
K13_00166,0.1,K03_4
K13_00166,0.1,K03_5
K13_00166,0.1,K04_2
K13_00166,0.1,K04_6
K13_00166,0.1,K05_1
K13_00166,0.1,K05_4
K13_00166,0.1,K05_5
K13_00166,0.1,K07_11
K13_00166,0.1,K07_13
K13_00166,0.1,K07_14
K13_00166,0.1,K07_3
K13_00166,0.1,K07_8
K13_00166,0.1,K07_9
K13_00166,0.1,K09_1
K13_00166,0.1,K09_12
K13_00166,0.1,K09_13
K13_00166,0.1,K09_14
K13_00166,0.1,K09_16
K13_00166,0.1,K09_17
K13_00166,0.1,K09_18
K13_00166,0.1,K09_6
K13_00166,0.1,K10_4
K13_00166,0.1,K10_5
K13_00166,0.1,K10_7
K13_00166,0.1,K11_2
K13_00166,0.1,K11_5-K13_12
K13_00166,0.1,K11_6
K13_00166,0.1,K12_1
K13_00166,0.1,K12_2
K13_00166,0.1,K12_4
K13_00166,0.1,K12_5
K13_00166,0.1,K13_1
K13_00166,0.1,K13_10
K13_00166,0.1,K13_11
K13_00166,0.1,K13_15-K16_3
K13_00166,0.1,K13_16
K13_00166,0.1,K13_17
K13_00166,0.1,K13_18
K13_00166,0.1,K14_1
K13_00166,0.1,K14_8
K13_00166,0.1,K14_9
K13_00166,0.1,K15_2
K13_00166,0.1,K15_3
K13_00166,0.1,K15_4
K13_00166,0.1,K15_5
K13_00166,0.1,K16_2
K13_00166,0.1,K16_4
K13_00166,0.1,K16_6
K13_00166,0.1,K17_2
K13_00166,0.1,K17_4
K13_00166,0.1,K17_5
K13_00166,0.1,L01_2
K13_00166,0.1,L01_3
K13_00166,0.1,L01_5
K13_00166,0.1,L01_6
K13_00166,0.1,L02_2
K13_00166,0.1,L02_5
K13_00166,0.1,L02_6
K13_00166,0.1,L02_7
K13_00166,0.1,L03_2
K13_00166,0.1,L03_5
K13_00166,0.1,L03_8
K13_00166,0.1,L04_2
K13_00166,0.1,L04_3
K13_00166,0.1,L04_4
K13_00166,0.1,L04_5
K13_00166,0.1,L04_6
K13_00166,0.1,L04_7
K13_00166,0.1,L05_11
K13_00166,0.1,L05_12
K13_00166,0.1,L05_13
K13_00166,0.1,L05_2
K13_00166,0.1,L05_5
K13_00166,0.1,L05_6
K13_00166,0.1,L05_7
K13_00166,0.1,L05_9
K13_00166,0.1,L07_2
K13_00166,0.1,L07_3
K13_00166,0.1,L08_11
K13_00166,0.1,L08_12
K13_00166,0.1,L08_2
K13_00166,0.1,L08_6
K13_00166,0.1,L09_2
K13_00166,0.1,L09_4
K13_00166,0.1,L09_5
K13_00166,0.1,L09_7
K13_00166,0.1,L10_2
K13_00166,0.1,L11_2
K13_00166,0.1,L11_3
K13_00166,0.1,L11_4
K13_00166,0.1,L11_5
K13_00166,0.1,L11_6
K13_00166,0.1,L11_7
K13_00166,0.1,L12_1
K13_00166,0.1,L12_2
K13_00166,0.1,L13_10
K13_00166,0.1,L13_13
K13_00166,0.1,L13_15
K13_00166,0.1,L13_17
K13_00166,0.1,L13_2
K13_00166,0.1,L13_21
K13_00166,0.1,L13_3
K13_00166,0.1,L14_2
K13_00166,0.1,L14_3
K13_00166,0.1,L14_4
K13_00166,0.1,L14_5
K13_00166,0.1,L15_2
K13_00166,0.1,L15_4
K13_00166,0.1,L15_5
K13_00166,0.1,L16_2
K13_00166,0.1,L16_3
K13_00166,0.1,L16_5
K13_00166,0.1,L16_6
K13_00166,0.1,L17_2
K13_00166,0.1,L17_3
K13_00166,0.1,L17_6
K13_00166,0.1,L18_2
K13_00166,0.1,L18_4
K13_00166,0.1,L18_7
K13_00166,0.1,L19_2
K13_00166,0.1,L19_4
K13_00166,0.1,M01_11
K13_00166,0.1,M01_2
K13_00166,0.1,M01_6
K13_00166,0.1,M01_7
K13_00166,0.1,M01_8
K13_00166,0.1,M01_9
K13_00166,0.1,M03_2
K13_00166,0.1,M03_3
K13_00166,0.1,M03_4
K13_00166,0.1,M04_2
K13_00166,0.1,M04_5
K13_00166,0.1,M05_3
K13_00166,0.1,M05_4
K13_00166,0.1,M06_2
K13_00166,0.1,M06_4
K13_00166,0.1,M06_5
K13_00166,0.1,M06_6
K13_00166,0.1,M07_3
K13_00166,0.1,M07_9
K13_00166,0.1,M09_11
K13_00166,0.1,M09_12
K13_00166,0.1,M09_14
K13_00166,0.1,M09_2
K13_00166,0.1,M09_4
K13_00166,0.1,M09_5
K13_00166,0.1,M12_1
K13_00166,0.1,M12_11
K13_00166,0.1,M12_12
K13_00166,0.1,M12_14
K13_00166,0.1,M12_15
K13_00166,0.1,M12_16
K13_00166,0.1,M12_5
K13_00166,0.1,M12_6
K13_00166,0.1,M13_1
K13_00166,0.1,M13_10
K13_00166,0.1,M13_12
K13_00166,0.1,M13_14
K13_00166,0.1,M13_2
K13_00166,0.1,M13_3
K13_00166,0.1,M13_4
K13_00166,0.1,M13_5
K13_00166,0.1,M13_6
K13_00166,0.1,M13_7
K13_00166,0.1,M14_1
K13_00166,0.1,M14_2
K13_00166,0.1,M14_4
K13_00166,0.1,M14_6
K13_00166,0.1,M15_1
K13_00166,0.1,M15_2
K13_00166,0.1,M15_4
K13_00166,0.1,M15_6
K13_00166,0.1,M16_2
K13_00166,0.1,M16_3
K13_00166,0.1,M16_4
K13_00166,0.1,M16_7
K13_00166,0.1,M17_2
K13_00166,0.1,M17_5
K13_00166,0.1,M18_2
K13_00166,0.1,M18_3
K13_00166,0.1,M18_4
K13_00166,0.1,M19_2
K13_00166,0.1,M19_4
K13_00166,0.1,M19_5
K13_00166,0.1,N01_2
K13_00166,0.1,N01_4
K13_00166,0.1,N01_6
K13_00166,0.1,N02_2
K13_00166,0.1,N03_2
K13_00166,0.1,N04_2
K13_00166,0.1,N04_3
K13_00166,0.1,N04_4
K13_00166,0.1,N04_7
K13_00166,0.1,N05_2
K13_00166,0.1,N05_7
K13_00166,0.1,N06_10
K13_00166,0.1,N06_2
K13_00166,0.1,N06_3
K13_00166,0.1,N06_5
K13_00166,0.1,N06_7
K13_00166,0.1,N06_8
K13_00166,0.1,N06_9
K13_00166,0.1,N07_2
K13_00166,0.1,N07_5
K13_00166,0.1,N07_8
K13_00166,0.1,N08_2
K13_00166,0.1,N08_4
K13_00166,0.1,N08_6
K13_00166,0.1,N09_10
K13_00166,0.1,N09_2
K13_00166,0.1,N09_3
K13_00166,0.1,N10_2
K13_00166,0.1,N11_11
K13_00166,0.1,N11_12
K13_00166,0.1,N11_14
K13_00166,0.1,N11_16
K13_00166,0.1,N11_17
K13_00166,0.1,N11_2
K13_00166,0.1,N11_20
K13_00166,0.1,N11_3
K13_00166,0.1,N11_4
K13_00166,0.1,N11_5
K13_00166,0.1,N11_8
K13_00166,0.1,N12_1
K13_00166,0.1,N12_11
K13_00166,0.1,N12_12
K13_00166,0.1,N12_13
K13_00166,0.1,N12_4
K13_00166,0.1,N13_11
K13_00166,0.1,N13_12
K13_00166,0.1,N13_2
K13_00166,0.1,N13_4
K13_00166,0.1,N13_7
K13_00166,0.1,N13_9
K13_00166,0.1,N14_1
K13_00166,0.1,N14_4
K13_00166,0.1,N14_5
K13_00166,0.1,N14_6
K13_00166,0.1,N14_8
K13_00166,0.1,N15_2
K13_00166,0.1,N15_7
K13_00166,0.1,N15_8
K13_00166,0.1,N16_2
K13_00166,0.1,N16_4
K13_00166,0.1,S01_15
K13_00166,0.1,S01_16
K13_00166,0.1,S01_18
K13_00166,0.1,S01_2
K13_00166,0.1,S01_20
K13_00166,0.1,S01_21
K13_00166,0.1,S01_22
K13_00166,0.1,S01_3
K13_00166,0.1,S01_6
K13_00166,0.1,S02_1
K13_00166,0.1,S02_3
K13_00166,0.1,S02_5
K13_00166,0.1,S03_1
K13_00166,0.1,S03_3
K13_00166,0.1,S03_6
K13_00166,0.1,S04_1
K13_00166,0.1,S04_11
K13_00166,0.1,S04_12
K13_00166,0.1,S04_14
K13_00166,0.1,S04_15
K13_00166,0.1,S04_16
K13_00166,0.1,S04_17
K13_00166,0.1,S04_2
K13_00166,0.1,S04_3
K13_00166,0.1,S04_4
K13_00166,0.1,S04_8
K13_00166,0.1,S05_1
K13_00166,0.1,S05_11
K13_00166,0.1,S05_3
K13_00166,0.1,S05_6
K13_00166,0.1,S06_2
K13_00166,0.1,S06_4
K13_00166,0.1,S06_5
K13_00166,0.1,S06_6
K13_00166,0.1,S06_7
K13_00166,0.1,S06_8
K13_00166,0.1,S07_1
K13_00166,0.1,S07_4
K13_00166,0.1,S07_5
K13_00166,0.1,S08_11
K13_00166,0.1,S08_13
K13_00166,0.1,S08_16
K13_00166,0.1,S08_2
K13_00166,0.1,S08_5
K13_00166,0.1,S08_6
K13_00166,0.1,S08_7
K13_00166,0.1,S08_8
K13_00166,0.1,S09_1
K13_00166,0.1,S09_11
K13_00166,0.1,S09_4
K13_00166,0.1,S09_5
K13_00166,0.1,S09_6
K13_00166,0.1,S09_7
K13_00166,0.1,S09_9
K13_00166,0.1,S10_1
K13_00166,0.1,S10_3
K13_00166,0.1,S10_4
K13_00166,0.1,S10_5
K13_00166,0.1,S10_9
K13_00166,0.1,S11_1
K13_00166,0.1,S11_10
K13_00166,0.1,S11_11
K13_00166,0.1,S11_5
K13_00166,0.1,S13_2
K13_00166,0.1,S13_3
K13_00166,0.1,S14_10
K13_00166,0.1,S14_13
K13_00166,0.1,S14_14
K13_00166,0.1,S14_16
K13_00166,0.1,S14_2
K13_00166,0.1,S14_5
K13_00166,0.1,S14_8
K13_00166,0.1,S14_9
K13_00166,0.1,S15_2
K13_00166,0.1,S15_3
K13_00166,0.1,S15_4
K13_00166,0.1,S16_11
K13_00166,0.1,S16_2
K13_00166,0.1,S16_3
K13_00166,0.1,S16_5
K13_00166,0.1,S16_7
K13_00166,0.1,S16_8
K13_00166,0.1,S16_9
K13_00166,0.1,S17_1
K13_00166,0.1,S17_2
K13_00169,1,K16_4
K13_00173,0.1,K02_11
K13_00173,0.1,K03_3
K13_00173,0.1,K11_7
K13_00173,0.1,K11_8
K13_00173,0.1,K15_1
K13_00173,0.1,K15_3
K13_00173,0.1,K15_4
K13_00173,0.1,L04_1
K13_00173,0.1,L05_1
K13_00173,0.1,L16_1
K13_00173,0.1,M05_3
K13_00173,0.1,M07_9
K13_00173,0.1,M09_10
K13_00173,0.1,M09_15
K13_00173,0.1,M09_3
K13_00173,0.1,M09_5
K13_00173,0.1,M12_12
K13_00173,0.1,M13_4
K13_00173,0.1,M16_3
K13_00173,0.1,M16_4
K13_00173,0.1,M17_4
K13_00173,0.1,N03_2
K13_00173,0.1,N03_5
K13_00173,0.1,N03_6
K13_00173,0.1,N04_7
K13_00173,0.1,N06_5
K13_00173,0.1,N07_4
K13_00173,0.1,N11_17
K13_00173,0.1,N11_18
K13_00173,0.1,N13_3
K13_00173,0.1,N13_4
K13_00173,0.1,N13_5
K13_00173,0.1,N13_7
K13_00173,0.1,N14_1
K13_00173,0.1,N14_3
K13_00173,0.1,N14_4
K13_00173,0.1,N15_8
K13_00173,0.1,N16_3
K13_00173,0.1,S01_16
K13_00173,0.1,S01_3
K13_00173,0.1,S02_8
K13_00173,0.1,S03_1
K13_00173,0.1,S03_3
K13_00173,0.1,S04_14
K13_00173,0.1,S05_11
K13_00173,0.1,S06_3
K13_00173,0.1,S06_8
K13_00173,0.1,S14_16
K13_00173,0.1,S14_17
K13_00173,0.1,S14_2
K13_00179,0.6,K16_4
K13_00180,0.8,K13_3
K13_00181,0.9,K13_3
K13_00183,0.9,K13_15-K16_3
K13_00187,0.4,K13_14
K13_00187,0.4,K16_1
K13_00213,1,K16_5
K13_00230,1,K13_15-K16_3
K13_00232,1,K16_5
K14_00078,0.4,K02_10
K14_00078,0.4,L03_4
K14_00078,0.4,M01_1
K14_00078,0.4,N04_1
K14_00078,0.4,S06_1
K15_00011,1,K15_3
K15_00023,0.5,K15_3
K15_00027,1,K15_1
K15_00030,1,K15_1
K15_00031,1,K15_1
K15_00032,1,K15_1
K15_00035,1,K15_1
K15_00038,1,K15_1
K15_00039,1,K15_1
K15_00040,1,K15_1
K15_00052,0.8,K15_3
K15_00052,0.8,K15_4
K15_00053,0.8,K15_3
K15_00053,0.8,K15_4
K15_00054,1,K15_3
K15_00055,1,K15_4
K15_00057,1,K15_1
K15_00058,0.3,K15_5
K15_00058,0.3,L15_4
K15_00058,0.3,M18_3
K15_00059,1,K15_4
K15_00060,1,K15_3
K17_00003,1,K17_1
L01_00008,1,L01_1
L01_00011,1,L01_1
L02_00002,1,L02_3
L02_00005,1,L02_5
L02_00006,1,L02_5
L02_00009,1,L02_6
L02_00010,1,L02_1
L02_00047,0.4,M15_3
L04_00010,1,L04_3
L05_00018,1,L14_1
L05_00019,1,L05_7
L05_00020,1,L05_4
L05_00030,1,L05_5
L05_00033,1,L05_6
L08_00003,1,L08_5
L08_00011,1,L08_7
L08_00012,0.6,L08_5
L08_00014,1,L08_5
L08_00020,0.5,L08_1
L08_00020,0.5,L08_9
L08_00027,1,L08_6
L08_00028,0.9,L08_7
L09_00005,0.6,L09_2
L09_00005,0.6,L09_4
L09_00005,0.6,L09_7
L09_00009,1,L09_6
L09_00016,1,L09_3
L09_00017,1,L09_9
L11_00005,0.2,K04_3
L11_00005,0.2,L08_13
L11_00005,0.2,L18_3
L12_00003,1,L12_1
L12_00016,1,L12_3
L12_00022,1,L12_3
L13_00003,0.2,K13_11
L13_00003,0.2,K17_1
L13_00003,0.2,K17_2
L13_00003,0.2,L11_2
L13_00003,0.2,M03_3
L13_00003,0.2,N05_1
L13_00003,0.2,N11_14
L13_00003,0.2,N12_12
L13_00003,0.2,S14_8
L16_00020,0.1,K01_12
L16_00020,0.1,K03_3
L16_00020,0.1,K07_13
L16_00020,0.1,K13_13
L16_00020,0.1,K15_1
L16_00020,0.1,K16_6
L16_00020,0.1,L05_11
L16_00020,0.1,L08_2
L16_00020,0.1,L08_5
L16_00020,0.1,L08_6
L16_00020,0.1,L08_7
L16_00020,0.1,M04_2
L16_00020,0.1,M04_4
L16_00020,0.1,M07_8
L16_00020,0.1,M09_3
L16_00020,0.1,M13_10
L16_00020,0.1,M13_18
L16_00020,0.1,M13_6
L16_00020,0.1,M13_9
L16_00020,0.1,M15_3
L16_00020,0.1,M15_4
L16_00020,0.1,M16_1
L16_00020,0.1,M16_3
L16_00020,0.1,M17_5
L16_00020,0.1,N03_4
L16_00020,0.1,N03_6
L16_00020,0.1,N05_5
L16_00020,0.1,N06_1
L16_00020,0.1,N06_8
L16_00020,0.1,N07_1
L16_00020,0.1,N07_4
L16_00020,0.1,N11_22
L16_00020,0.1,N13_2
L16_00020,0.1,N14_8
L16_00020,0.1,N16_3
L16_00020,0.1,S09_12
L16_00020,0.1,S09_4
L16_00020,0.1,S09_7
L16_00020,0.1,S10_2
L16_00020,0.1,S10_7
L16_00020,0.1,S10_9
L16_00020,0.1,S11_5
L16_00020,0.1,S14_14
L16_00020,0.1,S14_4
L16_00028,0.1,K01_4
L16_00028,0.1,K01_8
L16_00028,0.1,K02_10
L16_00028,0.1,K02_3
L16_00028,0.1,K02_7
L16_00028,0.1,K05_2
L16_00028,0.1,K05_3
L16_00028,0.1,K05_7
L16_00028,0.1,K07_1
L16_00028,0.1,K07_10
L16_00028,0.1,K07_3
L16_00028,0.1,K07_7
L16_00028,0.1,K09_18
L16_00028,0.1,K10_4
L16_00028,0.1,K13_11
L16_00028,0.1,K13_13
L16_00028,0.1,K14_1
L16_00028,0.1,K14_10
L16_00028,0.1,K14_3
L16_00028,0.1,K14_9
L16_00028,0.1,K15_2
L16_00028,0.1,K16_6
L16_00028,0.1,L01_6
L16_00028,0.1,L09_4
L16_00028,0.1,L09_7
L16_00028,0.1,L09_8
L16_00028,0.1,L11_1
L16_00028,0.1,L13_6
L16_00028,0.1,L14_10
L16_00028,0.1,L15_1
L16_00028,0.1,L16_2
L16_00028,0.1,L16_4
L16_00028,0.1,L19_2
L16_00028,0.1,M04_4
L16_00028,0.1,M07_1
L16_00028,0.1,M09_9
L16_00028,0.1,M13_1
L16_00028,0.1,M13_12
L16_00028,0.1,M13_13
L16_00028,0.1,M13_16
L16_00028,0.1,M13_17
L16_00028,0.1,M13_2
L16_00028,0.1,M13_4
L16_00028,0.1,M14_2
L16_00028,0.1,M14_5
L16_00028,0.1,M14_7
L16_00028,0.1,M15_10
L16_00028,0.1,M15_3
L16_00028,0.1,M16_8
L16_00028,0.1,M17_3
L16_00028,0.1,M18_2
L16_00028,0.1,M18_4
L16_00028,0.1,N01_1
L16_00028,0.1,N03_1
L16_00028,0.1,N05_5
L16_00028,0.1,N06_1
L16_00028,0.1,N06_3
L16_00028,0.1,N06_4
L16_00028,0.1,N07_3
L16_00028,0.1,N07_8
L16_00028,0.1,N08_2
L16_00028,0.1,N09_8
L16_00028,0.1,N10_1
L16_00028,0.1,N10_3
L16_00028,0.1,N11_13
L16_00028,0.1,N11_3
L16_00028,0.1,N11_4
L16_00028,0.1,N16_2
L16_00028,0.1,N16_3
L16_00028,0.1,S01_15
L16_00028,0.1,S01_3
L16_00028,0.1,S01_7
L16_00028,0.1,S02_1
L16_00028,0.1,S02_2
L16_00028,0.1,S02_3
L16_00028,0.1,S02_4
L16_00028,0.1,S02_5
L16_00028,0.1,S02_7
L16_00028,0.1,S02_8
L16_00028,0.1,S03_1
L16_00028,0.1,S04_11
L16_00028,0.1,S04_2
L16_00028,0.1,S04_3
L16_00028,0.1,S06_3
L16_00028,0.1,S08_2
L16_00028,0.1,S09_9
L16_00028,0.1,S10_2
L16_00028,0.1,S10_9
L16_00028,0.1,S13_3
L16_00028,0.1,S14_11
L16_00028,0.1,S14_5
L16_00041,0.9,K05_3
L18_00005,0.7,L18_8
L18_00005,0.7,L18_9
L18_00010,1,L18_8
L18_00010,1,L18_9
L18_00013,1,L18_8
L18_00013,1,L18_9
L18_00015,0.7,L18_3
L18_00017,0.9,L18_6
L18_00020,1,L18_6
L18_00021,0.3,K03_3
L18_00021,0.3,M09_9
L18_00021,0.3,S03_2
L19_00001,1,L19_1
M01_00158,1,M01_3
M01_00161,1,M01_4
M01_00174,0.5,L07_1
M01_00174,0.5,S14_7
M01_00179,1,M01_6
M01_00184,0.8,M01_3
M01_00191,0.6,M01_5
M01_00192,0.6,M01_3
M01_00195,1,M01_6
M01_00332,0.9,M01_3
M01_00333,0.3,N11_8
M01_00334,1,M01_5
M01_00335,1,M01_5
M01_00336,1,M01_5
M01_00339,1,M01_3
M01_00340,1,M01_5
M01_00341,1,M01_5
M01_00343,1,M01_5
M01_00344,1,M01_1
M01_00345,0.6,M01_3
M01_00347,1,M01_6
M01_00349,0.7,M01_5
M01_00351,0.6,M01_6
M01_00355,0.6,M01_4
M01_00356,1,M01_5
M01_00357,0.2,K02_13
M01_00357,0.2,K02_3
M01_00357,0.2,K02_7
M01_00357,0.2,K03_2
M01_00357,0.2,K07_14
M01_00357,0.2,L01_2
M01_00357,0.2,L01_3
M01_00357,0.2,L01_5
M01_00357,0.2,L01_6
M01_00357,0.2,L07_3
M01_00357,0.2,L16_2
M01_00357,0.2,L16_3
M01_00357,0.2,L16_5
M01_00357,0.2,L16_6
M01_00357,0.2,L19_2
M01_00357,0.2,M01_7
M01_00357,0.2,M01_8
M01_00357,0.2,M01_9
M01_00357,0.2,M07_3
M01_00357,0.2,M09_12
M01_00357,0.2,M13_7
M01_00357,0.2,M14_4
M01_00357,0.2,M15_1
M01_00357,0.2,M18_2
M01_00357,0.2,M18_3
M01_00357,0.2,M18_4
M01_00357,0.2,M19_4
M01_00357,0.2,M19_5
M01_00357,0.2,N06_3
M01_00357,0.2,N07_8
M01_00357,0.2,N16_2
M01_00357,0.2,N16_4
M01_00357,0.2,S04_11
M01_00357,0.2,S04_14
M01_00357,0.2,S14_9
M01_00359,1,M01_5
M01_00361,0.6,M01_3
M01_00362,0.3,K02_5
M01_00363,1,M01_3
M01_00368,1,M01_1
M01_00370,1,M01_5
M01_00372,1,M01_5
M01_00373,0.3,L01_5
M01_00373,0.3,M01_8
M01_00373,0.3,M13_7
M01_00373,0.3,M18_3
M01_00373,0.3,M18_4
M01_00373,0.3,S09_4
M01_00373,0.3,S09_9
M01_00373,0.3,S16_7
M01_00388,1,M01_5
M01_00390,0.3,K01_9
M01_00390,0.3,K02_10
M01_00390,0.3,K02_15
M01_00390,0.3,K04_5
M01_00390,0.3,K11_8
M01_00390,0.3,K16_5
M01_00390,0.3,L14_6
M01_00390,0.3,M01_11
M01_00390,0.3,M01_4
M01_00390,0.3,M01_5
M01_00390,0.3,M14_7
M01_00390,0.3,N10_3
M01_00390,0.3,N13_13
M01_00390,0.3,N13_8
M01_00390,0.3,N14_7
M01_00390,0.3,S03_2
M01_00390,0.3,S14_1
M01_00390,0.3,S14_17
M01_00392,0.6,M01_5
M01_00395,1,M01_6
M01_00396,0.6,M01_5
M01_00397,0.2,K01_10
M01_00397,0.2,K15_4
M01_00398,1,M01_5
M01_0273,0.1,K02_11
M01_0273,0.1,K03_3
M01_0273,0.1,K11_7
M01_0273,0.1,K11_8
M01_0273,0.1,K15_1
M01_0273,0.1,K15_3
M01_0273,0.1,K15_4
M01_0273,0.1,L04_1
M01_0273,0.1,L05_1
M01_0273,0.1,L16_1
M01_0273,0.1,M05_3
M01_0273,0.1,M07_9
M01_0273,0.1,M09_10
M01_0273,0.1,M09_15
M01_0273,0.1,M09_3
M01_0273,0.1,M09_5
M01_0273,0.1,M12_12
M01_0273,0.1,M13_4
M01_0273,0.1,M16_3
M01_0273,0.1,M16_4
M01_0273,0.1,M17_4
M01_0273,0.1,N03_2
M01_0273,0.1,N03_5
M01_0273,0.1,N03_6
M01_0273,0.1,N04_7
M01_0273,0.1,N06_5
M01_0273,0.1,N07_4
M01_0273,0.1,N11_17
M01_0273,0.1,N11_18
M01_0273,0.1,N13_3
M01_0273,0.1,N13_4
M01_0273,0.1,N13_5
M01_0273,0.1,N13_7
M01_0273,0.1,N14_1
M01_0273,0.1,N14_3
M01_0273,0.1,N14_4
M01_0273,0.1,N15_8
M01_0273,0.1,N16_3
M01_0273,0.1,S01_16
M01_0273,0.1,S01_3
M01_0273,0.1,S02_8
M01_0273,0.1,S03_1
M01_0273,0.1,S03_3
M01_0273,0.1,S04_14
M01_0273,0.1,S05_11
M01_0273,0.1,S06_3
M01_0273,0.1,S06_8
M01_0273,0.1,S14_16
M01_0273,0.1,S14_17
M01_0273,0.1,S14_2
M01_0401,1,M01_5
M01_0404,1,M01_2
M01_0405,0.4,K07_13
M01_0405,0.4,M01_6
M01_0411,1,M01_6
M01_0413,1,M01_5
M03_00106,1,M03_1
M03_00107,1,M03_1
M03_00108,0.5,M03_2
M03_00109,0.1,K07_13
M03_00109,0.1,K07_15
M03_00109,0.1,K07_2
M03_00109,0.1,K07_7
M03_00109,0.1,K07_8
M03_00109,0.1,K10_8
M03_00109,0.1,K11_4
M03_00109,0.1,K17_2
M03_00109,0.1,K17_3
M03_00109,0.1,L05_11
M03_00109,0.1,L05_13
M03_00109,0.1,L09_6
M03_00109,0.1,L10_1
M03_00109,0.1,L11_5
M03_00109,0.1,L11_7
M03_00109,0.1,L15_3
M03_00109,0.1,L18_6
M03_00109,0.1,L19_4
M03_00109,0.1,M16_6
M03_00109,0.1,M18_4
M03_00109,0.1,N02_2
M03_00109,0.1,N07_5
M03_00109,0.1,N07_6
M03_00109,0.1,N11_16
M03_00109,0.1,N11_7
M03_00109,0.1,S01_6
M03_00109,0.1,S02_8
M03_00109,0.1,S08_16
M03_00109,0.1,S09_2
M03_00109,0.1,S09_7
M03_00109,0.1,S13_4
M03_00109,0.1,S14_15
M03_00112,1,M03_1
M03_00113,1,M03_2
M03_00131,0.2,K02_11
M03_00131,0.2,K07_11
M03_00131,0.2,K15_3
M03_00131,0.2,K15_4
M03_00131,0.2,M05_3
M03_00131,0.2,M07_9
M03_00131,0.2,M09_5
M03_00131,0.2,M12_12
M03_00131,0.2,M13_4
M03_00131,0.2,M16_3
M03_00131,0.2,M16_4
M03_00131,0.2,M17_2
M03_00131,0.2,N03_2
M03_00131,0.2,N04_7
M03_00131,0.2,N06_5
M03_00131,0.2,N11_17
M03_00131,0.2,N13_4
M03_00131,0.2,N13_7
M03_00131,0.2,N14_1
M03_00131,0.2,N14_4
M03_00131,0.2,N15_8
M03_00131,0.2,S01_16
M03_00131,0.2,S01_3
M03_00131,0.2,S03_1
M03_00131,0.2,S03_3
M03_00131,0.2,S04_14
M03_00131,0.2,S05_11
M03_00131,0.2,S06_8
M03_00131,0.2,S14_16
M03_00131,0.2,S14_2
M03_00137,1,M03_1
M03_00139,0.6,K07_7
M03_00144,0.1,K01_10
M03_00144,0.1,K01_12
M03_00144,0.1,K01_2
M03_00144,0.1,K01_4
M03_00144,0.1,K01_5
M03_00144,0.1,K01_6
M03_00144,0.1,K01_7
M03_00144,0.1,K01_8
M03_00144,0.1,K02_11
M03_00144,0.1,K02_12
M03_00144,0.1,K02_13
M03_00144,0.1,K02_3
M03_00144,0.1,K02_7
M03_00144,0.1,K02_8
M03_00144,0.1,K02_9
M03_00144,0.1,K03_2
M03_00144,0.1,K03_4
M03_00144,0.1,K03_5
M03_00144,0.1,K04_2
M03_00144,0.1,K04_6
M03_00144,0.1,K05_1
M03_00144,0.1,K05_4
M03_00144,0.1,K05_5
M03_00144,0.1,K07_11
M03_00144,0.1,K07_13
M03_00144,0.1,K07_14
M03_00144,0.1,K07_3
M03_00144,0.1,K07_8
M03_00144,0.1,K07_9
M03_00144,0.1,K09_1
M03_00144,0.1,K09_12
M03_00144,0.1,K09_13
M03_00144,0.1,K09_14
M03_00144,0.1,K09_16
M03_00144,0.1,K09_17
M03_00144,0.1,K09_18
M03_00144,0.1,K09_6
M03_00144,0.1,K10_4
M03_00144,0.1,K10_5
M03_00144,0.1,K10_7
M03_00144,0.1,K11_2
M03_00144,0.1,K11_5-K13_12
M03_00144,0.1,K11_6
M03_00144,0.1,K12_1
M03_00144,0.1,K12_2
M03_00144,0.1,K12_4
M03_00144,0.1,K12_5
M03_00144,0.1,K13_1
M03_00144,0.1,K13_10
M03_00144,0.1,K13_11
M03_00144,0.1,K13_15-K16_3
M03_00144,0.1,K13_16
M03_00144,0.1,K13_17
M03_00144,0.1,K13_18
M03_00144,0.1,K14_1
M03_00144,0.1,K14_8
M03_00144,0.1,K14_9
M03_00144,0.1,K15_2
M03_00144,0.1,K15_3
M03_00144,0.1,K15_4
M03_00144,0.1,K15_5
M03_00144,0.1,K16_2
M03_00144,0.1,K16_4
M03_00144,0.1,K16_6
M03_00144,0.1,K17_2
M03_00144,0.1,K17_4
M03_00144,0.1,K17_5
M03_00144,0.1,L01_2
M03_00144,0.1,L01_3
M03_00144,0.1,L01_5
M03_00144,0.1,L01_6
M03_00144,0.1,L02_2
M03_00144,0.1,L02_5
M03_00144,0.1,L02_6
M03_00144,0.1,L02_7
M03_00144,0.1,L03_2
M03_00144,0.1,L03_5
M03_00144,0.1,L03_8
M03_00144,0.1,L04_2
M03_00144,0.1,L04_3
M03_00144,0.1,L04_4
M03_00144,0.1,L04_5
M03_00144,0.1,L04_6
M03_00144,0.1,L04_7
M03_00144,0.1,L05_11
M03_00144,0.1,L05_12
M03_00144,0.1,L05_13
M03_00144,0.1,L05_2
M03_00144,0.1,L05_5
M03_00144,0.1,L05_6
M03_00144,0.1,L05_7
M03_00144,0.1,L05_9
M03_00144,0.1,L07_2
M03_00144,0.1,L07_3
M03_00144,0.1,L08_11
M03_00144,0.1,L08_12
M03_00144,0.1,L08_2
M03_00144,0.1,L08_6
M03_00144,0.1,L09_2
M03_00144,0.1,L09_4
M03_00144,0.1,L09_5
M03_00144,0.1,L09_7
M03_00144,0.1,L10_2
M03_00144,0.1,L11_2
M03_00144,0.1,L11_3
M03_00144,0.1,L11_4
M03_00144,0.1,L11_5
M03_00144,0.1,L11_6
M03_00144,0.1,L11_7
M03_00144,0.1,L12_1
M03_00144,0.1,L12_2
M03_00144,0.1,L13_10
M03_00144,0.1,L13_13
M03_00144,0.1,L13_15
M03_00144,0.1,L13_17
M03_00144,0.1,L13_2
M03_00144,0.1,L13_21
M03_00144,0.1,L13_3
M03_00144,0.1,L14_2
M03_00144,0.1,L14_3
M03_00144,0.1,L14_4
M03_00144,0.1,L14_5
M03_00144,0.1,L15_2
M03_00144,0.1,L15_4
M03_00144,0.1,L15_5
M03_00144,0.1,L16_2
M03_00144,0.1,L16_3
M03_00144,0.1,L16_5
M03_00144,0.1,L16_6
M03_00144,0.1,L17_2
M03_00144,0.1,L17_3
M03_00144,0.1,L17_6
M03_00144,0.1,L18_2
M03_00144,0.1,L18_4
M03_00144,0.1,L18_7
M03_00144,0.1,L19_2
M03_00144,0.1,L19_4
M03_00144,0.1,M01_11
M03_00144,0.1,M01_2
M03_00144,0.1,M01_6
M03_00144,0.1,M01_7
M03_00144,0.1,M01_8
M03_00144,0.1,M01_9
M03_00144,0.1,M03_2
M03_00144,0.1,M03_3
M03_00144,0.1,M03_4
M03_00144,0.1,M04_2
M03_00144,0.1,M04_5
M03_00144,0.1,M05_3
M03_00144,0.1,M05_4
M03_00144,0.1,M06_2
M03_00144,0.1,M06_4
M03_00144,0.1,M06_5
M03_00144,0.1,M06_6
M03_00144,0.1,M07_3
M03_00144,0.1,M07_9
M03_00144,0.1,M09_11
M03_00144,0.1,M09_12
M03_00144,0.1,M09_14
M03_00144,0.1,M09_2
M03_00144,0.1,M09_4
M03_00144,0.1,M09_5
M03_00144,0.1,M12_1
M03_00144,0.1,M12_11
M03_00144,0.1,M12_12
M03_00144,0.1,M12_14
M03_00144,0.1,M12_15
M03_00144,0.1,M12_16
M03_00144,0.1,M12_5
M03_00144,0.1,M12_6
M03_00144,0.1,M13_1
M03_00144,0.1,M13_10
M03_00144,0.1,M13_12
M03_00144,0.1,M13_14
M03_00144,0.1,M13_2
M03_00144,0.1,M13_3
M03_00144,0.1,M13_4
M03_00144,0.1,M13_5
M03_00144,0.1,M13_6
M03_00144,0.1,M13_7
M03_00144,0.1,M14_1
M03_00144,0.1,M14_2
M03_00144,0.1,M14_4
M03_00144,0.1,M14_6
M03_00144,0.1,M15_1
M03_00144,0.1,M15_2
M03_00144,0.1,M15_4
M03_00144,0.1,M15_6
M03_00144,0.1,M16_2
M03_00144,0.1,M16_3
M03_00144,0.1,M16_4
M03_00144,0.1,M16_7
M03_00144,0.1,M17_2
M03_00144,0.1,M17_5
M03_00144,0.1,M18_2
M03_00144,0.1,M18_3
M03_00144,0.1,M18_4
M03_00144,0.1,M19_2
M03_00144,0.1,M19_4
M03_00144,0.1,M19_5
M03_00144,0.1,N01_2
M03_00144,0.1,N01_4
M03_00144,0.1,N01_6
M03_00144,0.1,N02_2
M03_00144,0.1,N03_2
M03_00144,0.1,N04_2
M03_00144,0.1,N04_3
M03_00144,0.1,N04_4
M03_00144,0.1,N04_7
M03_00144,0.1,N05_2
M03_00144,0.1,N05_7
M03_00144,0.1,N06_10
M03_00144,0.1,N06_2
M03_00144,0.1,N06_3
M03_00144,0.1,N06_5
M03_00144,0.1,N06_7
M03_00144,0.1,N06_8
M03_00144,0.1,N06_9
M03_00144,0.1,N07_2
M03_00144,0.1,N07_5
M03_00144,0.1,N07_8
M03_00144,0.1,N08_2
M03_00144,0.1,N08_4
M03_00144,0.1,N08_6
M03_00144,0.1,N09_10
M03_00144,0.1,N09_2
M03_00144,0.1,N09_3
M03_00144,0.1,N10_2
M03_00144,0.1,N11_11
M03_00144,0.1,N11_12
M03_00144,0.1,N11_14
M03_00144,0.1,N11_16
M03_00144,0.1,N11_17
M03_00144,0.1,N11_2
M03_00144,0.1,N11_20
M03_00144,0.1,N11_3
M03_00144,0.1,N11_4
M03_00144,0.1,N11_5
M03_00144,0.1,N11_8
M03_00144,0.1,N12_1
M03_00144,0.1,N12_11
M03_00144,0.1,N12_12
M03_00144,0.1,N12_13
M03_00144,0.1,N12_4
M03_00144,0.1,N13_11
M03_00144,0.1,N13_12
M03_00144,0.1,N13_2
M03_00144,0.1,N13_4
M03_00144,0.1,N13_7
M03_00144,0.1,N13_9
M03_00144,0.1,N14_1
M03_00144,0.1,N14_4
M03_00144,0.1,N14_5
M03_00144,0.1,N14_6
M03_00144,0.1,N14_8
M03_00144,0.1,N15_2
M03_00144,0.1,N15_7
M03_00144,0.1,N15_8
M03_00144,0.1,N16_2
M03_00144,0.1,N16_4
M03_00144,0.1,S01_15
M03_00144,0.1,S01_16
M03_00144,0.1,S01_18
M03_00144,0.1,S01_2
M03_00144,0.1,S01_20
M03_00144,0.1,S01_21
M03_00144,0.1,S01_22
M03_00144,0.1,S01_3
M03_00144,0.1,S01_6
M03_00144,0.1,S02_1
M03_00144,0.1,S02_3
M03_00144,0.1,S02_5
M03_00144,0.1,S03_1
M03_00144,0.1,S03_3
M03_00144,0.1,S03_6
M03_00144,0.1,S04_1
M03_00144,0.1,S04_11
M03_00144,0.1,S04_12
M03_00144,0.1,S04_14
M03_00144,0.1,S04_15
M03_00144,0.1,S04_16
M03_00144,0.1,S04_17
M03_00144,0.1,S04_2
M03_00144,0.1,S04_3
M03_00144,0.1,S04_4
M03_00144,0.1,S04_8
M03_00144,0.1,S05_1
M03_00144,0.1,S05_11
M03_00144,0.1,S05_3
M03_00144,0.1,S05_6
M03_00144,0.1,S06_2
M03_00144,0.1,S06_4
M03_00144,0.1,S06_5
M03_00144,0.1,S06_6
M03_00144,0.1,S06_7
M03_00144,0.1,S06_8
M03_00144,0.1,S07_1
M03_00144,0.1,S07_4
M03_00144,0.1,S07_5
M03_00144,0.1,S08_11
M03_00144,0.1,S08_13
M03_00144,0.1,S08_16
M03_00144,0.1,S08_2
M03_00144,0.1,S08_5
M03_00144,0.1,S08_6
M03_00144,0.1,S08_7
M03_00144,0.1,S08_8
M03_00144,0.1,S09_1
M03_00144,0.1,S09_11
M03_00144,0.1,S09_4
M03_00144,0.1,S09_5
M03_00144,0.1,S09_6
M03_00144,0.1,S09_7
M03_00144,0.1,S09_9
M03_00144,0.1,S10_1
M03_00144,0.1,S10_3
M03_00144,0.1,S10_4
M03_00144,0.1,S10_5
M03_00144,0.1,S10_9
M03_00144,0.1,S11_1
M03_00144,0.1,S11_10
M03_00144,0.1,S11_11
M03_00144,0.1,S11_5
M03_00144,0.1,S13_2
M03_00144,0.1,S13_3
M03_00144,0.1,S14_10
M03_00144,0.1,S14_13
M03_00144,0.1,S14_14
M03_00144,0.1,S14_16
M03_00144,0.1,S14_2
M03_00144,0.1,S14_5
M03_00144,0.1,S14_8
M03_00144,0.1,S14_9
M03_00144,0.1,S15_2
M03_00144,0.1,S15_3
M03_00144,0.1,S15_4
M03_00144,0.1,S16_11
M03_00144,0.1,S16_2
M03_00144,0.1,S16_3
M03_00144,0.1,S16_5
M03_00144,0.1,S16_7
M03_00144,0.1,S16_8
M03_00144,0.1,S16_9
M03_00144,0.1,S17_1
M03_00144,0.1,S17_2
M03_00168,1,K15_1
M03_00169,1,M03_1
M03_00170,1,M03_1
M03_00178,1,M03_1
M03_00181,1,M03_1
M03_00183,1,M01_5
M03_00185,1,M03_1
M03_0155,1,M03_1
M03_0157,0.5,N10_1
M04_00103,1,K15_4
M05_00094,0.4,M13_2
M05_00095,1,M05_3
M05_00105,1,M05_3
M05_00109,1,M05_3
M05_00132,0.9,M05_1
M05_00139,1,M05_3
M05_00142,0.3,K01_12
M05_00142,0.3,K01_9
M05_00142,0.3,K12_7-K14_4
M05_00142,0.3,L02_7
M05_00142,0.3,L03_7
M05_00142,0.3,L04_5
M05_00142,0.3,L05_4
M05_00142,0.3,L08_7
M05_00142,0.3,L13_20
M05_00142,0.3,L17_1
M05_00142,0.3,L18_6
M05_00142,0.3,M01_3
M05_00142,0.3,M07_10
M05_00142,0.3,M09_1
M05_00142,0.3,M09_3
M05_00142,0.3,M12_13
M05_00142,0.3,M13_18
M05_00142,0.3,N03_4
M05_00142,0.3,N08_1
M05_00142,0.3,N08_5
M05_00142,0.3,N09_3
M05_00142,0.3,N09_4
M05_00142,0.3,N11_21
M05_00142,0.3,S01_1
M05_00142,0.3,S02_2
M05_00142,0.3,S02_7
M05_00142,0.3,S05_2
M05_00142,0.3,S09_6
M05_00142,0.3,S09_8
M05_00142,0.3,S10_2
M05_00142,0.3,S10_7
M05_00142,0.3,S13_4
M05_00142,0.3,S13_5
M05_00142,0.3,S14_1
M05_00142,0.3,S14_14
M05_00142,0.3,S14_17
M05_00142,0.3,S14_4
M05_00142,0.3,S15_5
M05_00144,0.3,L03_7
M05_00144,0.3,L08_7
M05_00144,0.3,L17_1
M05_00144,0.3,N03_4
M05_00144,0.3,S14_14
M05_00144,0.3,S14_4
M05_00144,0.3,S15_5
M05_00152,0.3,K01_12
M05_00152,0.3,K01_9
M05_00152,0.3,K12_7-K14_4
M05_00152,0.3,L02_7
M05_00152,0.3,L03_7
M05_00152,0.3,L04_5
M05_00152,0.3,L05_4
M05_00152,0.3,L08_7
M05_00152,0.3,L13_20
M05_00152,0.3,L17_1
M05_00152,0.3,L18_6
M05_00152,0.3,M01_3
M05_00152,0.3,M07_10
M05_00152,0.3,M09_1
M05_00152,0.3,M09_3
M05_00152,0.3,M12_13
M05_00152,0.3,M13_18
M05_00152,0.3,N03_4
M05_00152,0.3,N08_1
M05_00152,0.3,N08_5
M05_00152,0.3,N09_3
M05_00152,0.3,N09_4
M05_00152,0.3,N11_21
M05_00152,0.3,S01_1
M05_00152,0.3,S02_2
M05_00152,0.3,S02_7
M05_00152,0.3,S05_2
M05_00152,0.3,S09_6
M05_00152,0.3,S09_8
M05_00152,0.3,S10_2
M05_00152,0.3,S10_7
M05_00152,0.3,S13_4
M05_00152,0.3,S13_5
M05_00152,0.3,S14_1
M05_00152,0.3,S14_14
M05_00152,0.3,S14_17
M05_00152,0.3,S14_4
M05_00152,0.3,S15_5
M06_00111,1,M06_2
M06_00126,0.7,M06_6
M06_00129,0.8,M06_1
M06_0188,1,M06_1
M06_0189,1,M06_3
M06_0196,1,M06_1
M06_0197,0.1,K04_1
M06_0197,0.1,K10_5
M06_0197,0.1,K17_1
M06_0197,0.1,L05_13
M06_0197,0.1,L09_8
M06_0197,0.1,L18_4
M06_0197,0.1,M09_13
M06_0197,0.1,M12_1
M06_0197,0.1,M12_11
M06_0197,0.1,M12_6
M06_0197,0.1,M15_2
M06_0197,0.1,M17_3
M06_0197,0.1,N01_5
M06_0197,0.1,N01_6
M06_0197,0.1,N08_1
M06_0197,0.1,N08_5
M06_0197,0.1,N09_1
M06_0197,0.1,N09_8
M06_0197,0.1,N11_17
M06_0197,0.1,N13_9
M06_0197,0.1,N14_1
M06_0197,0.1,N14_4
M06_0197,0.1,N14_7
M06_0197,0.1,S03_2
M06_0197,0.1,S04_13
M06_0197,0.1,S07_6
M06_0197,0.1,S11_5
M06_0197,0.1,S14_10
M06_0197,0.1,S16_4
M06_0199,1,M06_1
M06_0200,1,M06_1
M06_0214,1,M06_1
M06_0215,1,M06_1
M06_0217,0.4,M06_5
M06_0221,0.8,M06_3
M06_0224,1,M06_2
M06_0230,1,M06_3
M06_0231,0.4,M06_5
M07_00407,0.4,K09_2
M07_00407,0.4,K15_1
M07_00407,0.4,K16_5
M07_00407,0.4,L09_1
M07_00407,0.4,L14_7
M07_00407,0.4,M01_1
M07_00407,0.4,M15_9
M07_00407,0.4,M17_3
M07_00407,0.4,M19_5
M07_00407,0.4,S04_6
M07_00407,0.4,S07_2
M07_00407,0.4,S14_3
M07_00409,1,M07_7
M07_00412,0.3,M01_5
M07_00412,0.3,M07_10
M07_00412,0.3,M09_3
M07_00412,0.3,M09_9
M07_00412,0.3,S01_4
M07_00412,0.3,S04_6
M07_00413,1,M07_1
M07_00416,0.3,K15_1
M07_00416,0.3,K17_3
M07_00416,0.3,L02_1
M07_00416,0.3,L07_1
M07_00416,0.3,L13_6
M07_00416,0.3,M07_1
M07_00416,0.3,M13_15
M07_00417,0.4,K15_1
M07_00417,0.4,M13_15
M07_00422,1,M07_7
M07_00423,1,M07_2
M07_00433,0.4,K15_1
M07_00433,0.4,M13_15
M07_00435,0.4,K09_2
M07_00435,0.4,K15_1
M07_00435,0.4,K16_5
M07_00435,0.4,L09_1
M07_00435,0.4,L14_7
M07_00435,0.4,M01_1
M07_00435,0.4,M15_9
M07_00435,0.4,M17_3
M07_00435,0.4,M19_5
M07_00435,0.4,S04_6
M07_00435,0.4,S07_2
M07_00435,0.4,S14_3
M07_00436,1,M07_2
M07_00437,0.3,M07_10
M07_00438,0.4,M07_10
M07_00439,0.4,K09_2
M07_00439,0.4,K15_1
M07_00439,0.4,K16_5
M07_00439,0.4,L09_1
M07_00439,0.4,L14_7
M07_00439,0.4,M01_1
M07_00439,0.4,M15_9
M07_00439,0.4,M17_3
M07_00439,0.4,M19_5
M07_00439,0.4,S04_6
M07_00439,0.4,S07_2
M07_00439,0.4,S14_3
M07_00440,0.5,M07_2
M07_00442,0.1,K01_10
M07_00442,0.1,K01_12
M07_00442,0.1,K01_2
M07_00442,0.1,K01_4
M07_00442,0.1,K01_5
M07_00442,0.1,K01_6
M07_00442,0.1,K01_7
M07_00442,0.1,K01_8
M07_00442,0.1,K02_11
M07_00442,0.1,K02_12
M07_00442,0.1,K02_13
M07_00442,0.1,K02_3
M07_00442,0.1,K02_7
M07_00442,0.1,K02_8
M07_00442,0.1,K02_9
M07_00442,0.1,K03_2
M07_00442,0.1,K03_4
M07_00442,0.1,K03_5
M07_00442,0.1,K04_2
M07_00442,0.1,K04_6
M07_00442,0.1,K05_1
M07_00442,0.1,K05_4
M07_00442,0.1,K05_5
M07_00442,0.1,K07_11
M07_00442,0.1,K07_13
M07_00442,0.1,K07_14
M07_00442,0.1,K07_3
M07_00442,0.1,K07_8
M07_00442,0.1,K07_9
M07_00442,0.1,K09_1
M07_00442,0.1,K09_12
M07_00442,0.1,K09_13
M07_00442,0.1,K09_14
M07_00442,0.1,K09_16
M07_00442,0.1,K09_17
M07_00442,0.1,K09_18
M07_00442,0.1,K09_6
M07_00442,0.1,K10_4
M07_00442,0.1,K10_5
M07_00442,0.1,K10_7
M07_00442,0.1,K11_2
M07_00442,0.1,K11_5-K13_12
M07_00442,0.1,K11_6
M07_00442,0.1,K12_1
M07_00442,0.1,K12_2
M07_00442,0.1,K12_4
M07_00442,0.1,K12_5
M07_00442,0.1,K13_1
M07_00442,0.1,K13_10
M07_00442,0.1,K13_11
M07_00442,0.1,K13_15-K16_3
M07_00442,0.1,K13_16
M07_00442,0.1,K13_17
M07_00442,0.1,K13_18
M07_00442,0.1,K14_1
M07_00442,0.1,K14_8
M07_00442,0.1,K14_9
M07_00442,0.1,K15_2
M07_00442,0.1,K15_3
M07_00442,0.1,K15_4
M07_00442,0.1,K15_5
M07_00442,0.1,K16_2
M07_00442,0.1,K16_4
M07_00442,0.1,K16_6
M07_00442,0.1,K17_2
M07_00442,0.1,K17_4
M07_00442,0.1,K17_5
M07_00442,0.1,L01_2
M07_00442,0.1,L01_3
M07_00442,0.1,L01_5
M07_00442,0.1,L01_6
M07_00442,0.1,L02_2
M07_00442,0.1,L02_5
M07_00442,0.1,L02_6
M07_00442,0.1,L02_7
M07_00442,0.1,L03_2
M07_00442,0.1,L03_5
M07_00442,0.1,L03_8
M07_00442,0.1,L04_2
M07_00442,0.1,L04_3
M07_00442,0.1,L04_4
M07_00442,0.1,L04_5
M07_00442,0.1,L04_6
M07_00442,0.1,L04_7
M07_00442,0.1,L05_11
M07_00442,0.1,L05_12
M07_00442,0.1,L05_13
M07_00442,0.1,L05_2
M07_00442,0.1,L05_5
M07_00442,0.1,L05_6
M07_00442,0.1,L05_7
M07_00442,0.1,L05_9
M07_00442,0.1,L07_2
M07_00442,0.1,L07_3
M07_00442,0.1,L08_11
M07_00442,0.1,L08_12
M07_00442,0.1,L08_2
M07_00442,0.1,L08_6
M07_00442,0.1,L09_2
M07_00442,0.1,L09_4
M07_00442,0.1,L09_5
M07_00442,0.1,L09_7
M07_00442,0.1,L10_2
M07_00442,0.1,L11_2
M07_00442,0.1,L11_3
M07_00442,0.1,L11_4
M07_00442,0.1,L11_5
M07_00442,0.1,L11_6
M07_00442,0.1,L11_7
M07_00442,0.1,L12_1
M07_00442,0.1,L12_2
M07_00442,0.1,L13_10
M07_00442,0.1,L13_13
M07_00442,0.1,L13_15
M07_00442,0.1,L13_17
M07_00442,0.1,L13_2
M07_00442,0.1,L13_21
M07_00442,0.1,L13_3
M07_00442,0.1,L14_2
M07_00442,0.1,L14_3
M07_00442,0.1,L14_4
M07_00442,0.1,L14_5
M07_00442,0.1,L15_2
M07_00442,0.1,L15_4
M07_00442,0.1,L15_5
M07_00442,0.1,L16_2
M07_00442,0.1,L16_3
M07_00442,0.1,L16_5
M07_00442,0.1,L16_6
M07_00442,0.1,L17_2
M07_00442,0.1,L17_3
M07_00442,0.1,L17_6
M07_00442,0.1,L18_2
M07_00442,0.1,L18_4
M07_00442,0.1,L18_7
M07_00442,0.1,L19_2
M07_00442,0.1,L19_4
M07_00442,0.1,M01_11
M07_00442,0.1,M01_2
M07_00442,0.1,M01_6
M07_00442,0.1,M01_7
M07_00442,0.1,M01_8
M07_00442,0.1,M01_9
M07_00442,0.1,M03_2
M07_00442,0.1,M03_3
M07_00442,0.1,M03_4
M07_00442,0.1,M04_2
M07_00442,0.1,M04_5
M07_00442,0.1,M05_3
M07_00442,0.1,M05_4
M07_00442,0.1,M06_2
M07_00442,0.1,M06_4
M07_00442,0.1,M06_5
M07_00442,0.1,M06_6
M07_00442,0.1,M07_3
M07_00442,0.1,M07_9
M07_00442,0.1,M09_11
M07_00442,0.1,M09_12
M07_00442,0.1,M09_14
M07_00442,0.1,M09_2
M07_00442,0.1,M09_4
M07_00442,0.1,M09_5
M07_00442,0.1,M12_1
M07_00442,0.1,M12_11
M07_00442,0.1,M12_12
M07_00442,0.1,M12_14
M07_00442,0.1,M12_15
M07_00442,0.1,M12_16
M07_00442,0.1,M12_5
M07_00442,0.1,M12_6
M07_00442,0.1,M13_1
M07_00442,0.1,M13_10
M07_00442,0.1,M13_12
M07_00442,0.1,M13_14
M07_00442,0.1,M13_2
M07_00442,0.1,M13_3
M07_00442,0.1,M13_4
M07_00442,0.1,M13_5
M07_00442,0.1,M13_6
M07_00442,0.1,M13_7
M07_00442,0.1,M14_1
M07_00442,0.1,M14_2
M07_00442,0.1,M14_4
M07_00442,0.1,M14_6
M07_00442,0.1,M15_1
M07_00442,0.1,M15_2
M07_00442,0.1,M15_4
M07_00442,0.1,M15_6
M07_00442,0.1,M16_2
M07_00442,0.1,M16_3
M07_00442,0.1,M16_4
M07_00442,0.1,M16_7
M07_00442,0.1,M17_2
M07_00442,0.1,M17_5
M07_00442,0.1,M18_2
M07_00442,0.1,M18_3
M07_00442,0.1,M18_4
M07_00442,0.1,M19_2
M07_00442,0.1,M19_4
M07_00442,0.1,M19_5
M07_00442,0.1,N01_2
M07_00442,0.1,N01_4
M07_00442,0.1,N01_6
M07_00442,0.1,N02_2
M07_00442,0.1,N03_2
M07_00442,0.1,N04_2
M07_00442,0.1,N04_3
M07_00442,0.1,N04_4
M07_00442,0.1,N04_7
M07_00442,0.1,N05_2
M07_00442,0.1,N05_7
M07_00442,0.1,N06_10
M07_00442,0.1,N06_2
M07_00442,0.1,N06_3
M07_00442,0.1,N06_5
M07_00442,0.1,N06_7
M07_00442,0.1,N06_8
M07_00442,0.1,N06_9
M07_00442,0.1,N07_2
M07_00442,0.1,N07_5
M07_00442,0.1,N07_8
M07_00442,0.1,N08_2
M07_00442,0.1,N08_4
M07_00442,0.1,N08_6
M07_00442,0.1,N09_10
M07_00442,0.1,N09_2
M07_00442,0.1,N09_3
M07_00442,0.1,N10_2
M07_00442,0.1,N11_11
M07_00442,0.1,N11_12
M07_00442,0.1,N11_14
M07_00442,0.1,N11_16
M07_00442,0.1,N11_17
M07_00442,0.1,N11_2
M07_00442,0.1,N11_20
M07_00442,0.1,N11_3
M07_00442,0.1,N11_4
M07_00442,0.1,N11_5
M07_00442,0.1,N11_8
M07_00442,0.1,N12_1
M07_00442,0.1,N12_11
M07_00442,0.1,N12_12
M07_00442,0.1,N12_13
M07_00442,0.1,N12_4
M07_00442,0.1,N13_11
M07_00442,0.1,N13_12
M07_00442,0.1,N13_2
M07_00442,0.1,N13_4
M07_00442,0.1,N13_7
M07_00442,0.1,N13_9
M07_00442,0.1,N14_1
M07_00442,0.1,N14_4
M07_00442,0.1,N14_5
M07_00442,0.1,N14_6
M07_00442,0.1,N14_8
M07_00442,0.1,N15_2
M07_00442,0.1,N15_7
M07_00442,0.1,N15_8
M07_00442,0.1,N16_2
M07_00442,0.1,N16_4
M07_00442,0.1,S01_15
M07_00442,0.1,S01_16
M07_00442,0.1,S01_18
M07_00442,0.1,S01_2
M07_00442,0.1,S01_20
M07_00442,0.1,S01_21
M07_00442,0.1,S01_22
M07_00442,0.1,S01_3
M07_00442,0.1,S01_6
M07_00442,0.1,S02_1
M07_00442,0.1,S02_3
M07_00442,0.1,S02_5
M07_00442,0.1,S03_1
M07_00442,0.1,S03_3
M07_00442,0.1,S03_6
M07_00442,0.1,S04_1
M07_00442,0.1,S04_11
M07_00442,0.1,S04_12
M07_00442,0.1,S04_14
M07_00442,0.1,S04_15
M07_00442,0.1,S04_16
M07_00442,0.1,S04_17
M07_00442,0.1,S04_2
M07_00442,0.1,S04_3
M07_00442,0.1,S04_4
M07_00442,0.1,S04_8
M07_00442,0.1,S05_1
M07_00442,0.1,S05_11
M07_00442,0.1,S05_3
M07_00442,0.1,S05_6
M07_00442,0.1,S06_2
M07_00442,0.1,S06_4
M07_00442,0.1,S06_5
M07_00442,0.1,S06_6
M07_00442,0.1,S06_7
M07_00442,0.1,S06_8
M07_00442,0.1,S07_1
M07_00442,0.1,S07_4
M07_00442,0.1,S07_5
M07_00442,0.1,S08_11
M07_00442,0.1,S08_13
M07_00442,0.1,S08_16
M07_00442,0.1,S08_2
M07_00442,0.1,S08_5
M07_00442,0.1,S08_6
M07_00442,0.1,S08_7
M07_00442,0.1,S08_8
M07_00442,0.1,S09_1
M07_00442,0.1,S09_11
M07_00442,0.1,S09_4
M07_00442,0.1,S09_5
M07_00442,0.1,S09_6
M07_00442,0.1,S09_7
M07_00442,0.1,S09_9
M07_00442,0.1,S10_1
M07_00442,0.1,S10_3
M07_00442,0.1,S10_4
M07_00442,0.1,S10_5
M07_00442,0.1,S10_9
M07_00442,0.1,S11_1
M07_00442,0.1,S11_10
M07_00442,0.1,S11_11
M07_00442,0.1,S11_5
M07_00442,0.1,S13_2
M07_00442,0.1,S13_3
M07_00442,0.1,S14_10
M07_00442,0.1,S14_13
M07_00442,0.1,S14_14
M07_00442,0.1,S14_16
M07_00442,0.1,S14_2
M07_00442,0.1,S14_5
M07_00442,0.1,S14_8
M07_00442,0.1,S14_9
M07_00442,0.1,S15_2
M07_00442,0.1,S15_3
M07_00442,0.1,S15_4
M07_00442,0.1,S16_11
M07_00442,0.1,S16_2
M07_00442,0.1,S16_3
M07_00442,0.1,S16_5
M07_00442,0.1,S16_7
M07_00442,0.1,S16_8
M07_00442,0.1,S16_9
M07_00442,0.1,S17_1
M07_00442,0.1,S17_2
M07_00443,1,M07_7
M07_00447,1,M07_7
M07_00448,0.9,M07_7
M07_00449,1,M07_10
M07_00450,1,M07_7
M07_0452,1,M07_1
M07_0455,0.4,M01_5
M07_0455,0.4,M07_2
M07_0470,1,M07_2
M07_0472,1,M07_1
M07_0475,0.7,M07_3
M07_0476,0.4,K09_2
M07_0476,0.4,K15_1
M07_0476,0.4,K16_5
M07_0476,0.4,L09_1
M07_0476,0.4,L14_7
M07_0476,0.4,M01_1
M07_0476,0.4,M15_9
M07_0476,0.4,M17_3
M07_0476,0.4,M19_5
M07_0476,0.4,S04_6
M07_0476,0.4,S07_2
M07_0476,0.4,S14_3
M07_0477,1,M07_2
M07_0478,1,M07_3
M07_0479,1,M07_1
M07_0480,1,M07_1
M07_0481,1,M07_2
M07_0483,1,M07_2
M07_0514,1,M07_1
M07_0516,0.4,K09_2
M07_0516,0.4,K15_1
M07_0516,0.4,K16_5
M07_0516,0.4,L09_1
M07_0516,0.4,L14_7
M07_0516,0.4,M01_1
M07_0516,0.4,M15_9
M07_0516,0.4,M17_3
M07_0516,0.4,M19_5
M07_0516,0.4,S04_6
M07_0516,0.4,S07_2
M07_0516,0.4,S14_3
M07_0542,1,M07_10
M07_0544,1,M07_10
M07_0570,1,M07_10
M07_0575,1,M07_10
M07_0577,0.3,M01_5
M07_0577,0.3,M07_10
M07_0577,0.3,M09_3
M07_0577,0.3,M09_9
M07_0577,0.3,S01_4
M07_0577,0.3,S04_6
M07_0578,1,M07_10
M07_0579,1,M07_2
M07_0580,1,M07_10
M07_0581,0.4,K09_2
M07_0581,0.4,K15_1
M07_0581,0.4,K16_5
M07_0581,0.4,L09_1
M07_0581,0.4,L14_7
M07_0581,0.4,M01_1
M07_0581,0.4,M15_9
M07_0581,0.4,M17_3
M07_0581,0.4,M19_5
M07_0581,0.4,S04_6
M07_0581,0.4,S07_2
M07_0581,0.4,S14_3
M07_0585,0.4,K09_2
M07_0585,0.4,K15_1
M07_0585,0.4,K16_5
M07_0585,0.4,L09_1
M07_0585,0.4,L14_7
M07_0585,0.4,M01_1
M07_0585,0.4,M15_9
M07_0585,0.4,M17_3
M07_0585,0.4,M19_5
M07_0585,0.4,S04_6
M07_0585,0.4,S07_2
M07_0585,0.4,S14_3
M07_0601,0.1,K02_11
M07_0601,0.1,K03_3
M07_0601,0.1,K11_7
M07_0601,0.1,K11_8
M07_0601,0.1,K15_1
M07_0601,0.1,K15_3
M07_0601,0.1,K15_4
M07_0601,0.1,L04_1
M07_0601,0.1,L05_1
M07_0601,0.1,L16_1
M07_0601,0.1,M05_3
M07_0601,0.1,M07_9
M07_0601,0.1,M09_10
M07_0601,0.1,M09_15
M07_0601,0.1,M09_3
M07_0601,0.1,M09_5
M07_0601,0.1,M12_12
M07_0601,0.1,M13_4
M07_0601,0.1,M16_3
M07_0601,0.1,M16_4
M07_0601,0.1,M17_4
M07_0601,0.1,N03_2
M07_0601,0.1,N03_5
M07_0601,0.1,N03_6
M07_0601,0.1,N04_7
M07_0601,0.1,N06_5
M07_0601,0.1,N07_4
M07_0601,0.1,N11_17
M07_0601,0.1,N11_18
M07_0601,0.1,N13_3
M07_0601,0.1,N13_4
M07_0601,0.1,N13_5
M07_0601,0.1,N13_7
M07_0601,0.1,N14_1
M07_0601,0.1,N14_3
M07_0601,0.1,N14_4
M07_0601,0.1,N15_8
M07_0601,0.1,N16_3
M07_0601,0.1,S01_16
M07_0601,0.1,S01_3
M07_0601,0.1,S02_8
M07_0601,0.1,S03_1
M07_0601,0.1,S03_3
M07_0601,0.1,S04_14
M07_0601,0.1,S05_11
M07_0601,0.1,S06_3
M07_0601,0.1,S06_8
M07_0601,0.1,S14_16
M07_0601,0.1,S14_17
M07_0601,0.1,S14_2
M07_0606,0.2,K15_1
M07_0606,0.2,S14_15
M07_0608,1,M07_10
M07_0610,1,M07_10
M07_0614,0.5,M07_10
M07_0615,0.6,M07_10
M07_0616,1,M07_1
M07_0617,0.5,M07_10
M09_00310,0.5,M09_13
M09_00313,1,M09_13
M09_00315,0.6,M09_11
M09_00316,0.5,M09_3
M09_00317,0.6,M09_11
M09_00318,1,M09_1
M09_00328,0.3,M09_8
M09_00335,0.1,K03_4
M09_00335,0.1,K03_5
M09_00335,0.1,K03_6
M09_00335,0.1,K05_6
M09_00335,0.1,K09_6
M09_00335,0.1,K13_3
M09_00335,0.1,K14_8
M09_00335,0.1,K14_9
M09_00335,0.1,K16_5
M09_00335,0.1,K17_4
M09_00335,0.1,L01_1
M09_00335,0.1,L01_5
M09_00335,0.1,L02_1
M09_00335,0.1,L05_10
M09_00335,0.1,L05_8
M09_00335,0.1,L07_1
M09_00335,0.1,L09_8
M09_00335,0.1,L16_1
M09_00335,0.1,L17_3
M09_00335,0.1,L17_4
M09_00335,0.1,L17_5
M09_00335,0.1,L17_6
M09_00335,0.1,M01_11
M09_00335,0.1,M04_3
M09_00335,0.1,M05_1
M09_00335,0.1,M09_9
M09_00335,0.1,M12_1
M09_00335,0.1,M12_14
M09_00335,0.1,M12_16
M09_00335,0.1,M12_6
M09_00335,0.1,M16_7
M09_00335,0.1,M19_4
M09_00335,0.1,N04_4
M09_00335,0.1,N04_6
M09_00335,0.1,N05_6
M09_00335,0.1,N06_10
M09_00335,0.1,N06_11
M09_00335,0.1,N09_10
M09_00335,0.1,N09_2
M09_00335,0.1,N09_9
M09_00335,0.1,N11_2
M09_00335,0.1,N14_1
M09_00335,0.1,S01_15
M09_00335,0.1,S01_2
M09_00335,0.1,S01_22
M09_00335,0.1,S02_1
M09_00335,0.1,S04_12
M09_00335,0.1,S04_6
M09_00335,0.1,S05_2
M09_00335,0.1,S05_3
M09_00335,0.1,S05_4
M09_00335,0.1,S05_5
M09_00335,0.1,S05_8
M09_00335,0.1,S05_9
M09_00335,0.1,S07_7
M09_00335,0.1,S10_2
M09_00335,0.1,S10_3
M09_00335,0.1,S10_5
M09_00335,0.1,S10_6
M09_00335,0.1,S10_9
M09_00335,0.1,S14_1
M09_00335,0.1,S14_12
M09_00335,0.1,S14_13
M09_00335,0.1,S14_2
M09_00335,0.1,S14_4
M09_00335,0.1,S14_5
M09_00335,0.1,S14_6
M09_00335,0.1,S14_7
M09_00335,0.1,S15_2
M09_00335,0.1,S15_3
M09_00335,0.1,S15_4
M09_00335,0.1,S16_1
M09_00335,0.1,S16_4
M09_00335,0.1,S16_5
M09_00335,0.1,S16_8
M09_00337,1,M09_4
M09_00338,1,M09_4
M09_00344,0.4,L05_2
M09_00344,0.4,M09_1
M09_00345,1,M14_6
M09_00346,0.4,L05_2
M09_00346,0.4,M09_1
M09_00347,0.8,M09_7
M09_00349,0.6,M09_8
M09_00350,1,M09_8
M09_00451,1,M09_4
M09_00462,0.3,N11_8
M09_00463,0.8,M09_4
M09_00465,0.3,K12_3
M09_00465,0.3,K12_6
M09_00465,0.3,L01_3
M09_00465,0.3,L05_10
M09_00465,0.3,L08_1
M09_00465,0.3,L09_3
M09_00465,0.3,L10_1
M09_00465,0.3,L13_19
M09_00465,0.3,L18_8
M09_00465,0.3,L18_9
M09_00465,0.3,L19_3
M09_00465,0.3,M09_11
M09_00465,0.3,M09_13
M09_00465,0.3,M09_4
M09_00465,0.3,M17_3
M09_00465,0.3,N04_1
M09_00465,0.3,N04_3
M09_00465,0.3,N12_8
M09_00465,0.3,N16_1
M09_00465,0.3,S10_1
M09_00465,0.3,S13_1
M09_00465,0.3,S16_10
M09_00470,0.3,K12_3
M09_00470,0.3,K12_6
M09_00470,0.3,L09_3
M09_00470,0.3,M09_13
M09_00470,0.3,M09_7
M09_00470,0.3,N09_4
M09_00470,0.3,N11_18
M09_00470,0.3,S09_12
M09_00472,1,M09_13
M09_00473,1,M09_7
M09_00477,1,M09_7
M09_00478,1,M09_7
M09_00479,0.3,K02_15
M09_00479,0.3,K04_3
M09_00479,0.3,K04_4
M09_00479,0.3,K12_3
M09_00479,0.3,K12_6
M09_00479,0.3,K12_7-K14_4
M09_00479,0.3,L09_3
M09_00479,0.3,L10_2
M09_00479,0.3,L13_11
M09_00479,0.3,L14_6
M09_00479,0.3,L18_8
M09_00479,0.3,L18_9
M09_00479,0.3,L19_3
M09_00479,0.3,M01_3
M09_00479,0.3,M01_4
M09_00479,0.3,M09_11
M09_00479,0.3,M09_13
M09_00479,0.3,M09_7
M09_00479,0.3,M12_13
M09_00479,0.3,M12_2
M09_00479,0.3,M16_5
M09_00479,0.3,M19_3
M09_00479,0.3,N04_3
M09_00479,0.3,N04_6
M09_00479,0.3,N09_4
M09_00479,0.3,N11_10
M09_00479,0.3,N11_18
M09_00479,0.3,S07_3
M09_00479,0.3,S09_12
M09_00479,0.3,S10_1
M09_00479,0.3,S11_10
M09_00479,0.3,S14_17
M09_00484,0.3,K04_1
M09_00484,0.3,K10_6
M09_00485,0.6,N03_3
M09_00486,1,M09_4
M09_00507,0.2,K01_12
M09_00507,0.2,K09_16
M09_00507,0.2,K10_5
M09_00507,0.2,K13_1
M09_00507,0.2,K13_15-K16_3
M09_00507,0.2,K17_5
M09_00507,0.2,L05_13
M09_00507,0.2,L14_4
M09_00507,0.2,L16_3
M09_00507,0.2,L16_5
M09_00507,0.2,L16_6
M09_00507,0.2,L18_4
M09_00507,0.2,M09_12
M09_00507,0.2,M12_1
M09_00507,0.2,M12_11
M09_00507,0.2,M12_16
M09_00507,0.2,M12_6
M09_00507,0.2,M15_2
M09_00507,0.2,N01_6
M09_00507,0.2,N11_17
M09_00507,0.2,N13_11
M09_00507,0.2,N14_1
M09_00507,0.2,N14_4
M09_00507,0.2,S01_20
M09_00507,0.2,S04_1
M09_00507,0.2,S04_12
M09_00507,0.2,S06_2
M09_00507,0.2,S09_5
M09_00507,0.2,S09_7
M09_00507,0.2,S11_5
M09_00507,0.2,S14_10
M09_00507,0.2,S16_4
M09_00507,0.2,S16_5
M09_00507,0.2,S16_9
M09_00510,1,M09_4
M09_00511,1,M09_13
M09_00523,0.7,M09_13
M09_00525,0.3,K12_3
M09_00525,0.3,K12_6
M09_00525,0.3,L09_3
M09_00525,0.3,M09_13
M09_00525,0.3,M09_7
M09_00525,0.3,N09_4
M09_00525,0.3,N11_18
M09_00525,0.3,S09_12
M09_00526,1,M09_7
M09_00527,1,M09_13
M09_00533,0.8,M09_7
M09_00542,1,M09_13
M09_0353,1,M09_13
M09_0356,0.2,K02_11
M09_0356,0.2,K15_3
M09_0356,0.2,K15_4
M09_0356,0.2,M05_3
M09_0356,0.2,M07_9
M09_0356,0.2,M09_5
M09_0356,0.2,M12_12
M09_0356,0.2,M13_4
M09_0356,0.2,M16_3
M09_0356,0.2,M16_4
M09_0356,0.2,M17_2
M09_0356,0.2,N03_2
M09_0356,0.2,N04_7
M09_0356,0.2,N06_5
M09_0356,0.2,N11_17
M09_0356,0.2,N13_4
M09_0356,0.2,N13_7
M09_0356,0.2,N14_1
M09_0356,0.2,N14_4
M09_0356,0.2,N15_8
M09_0356,0.2,S01_16
M09_0356,0.2,S01_3
M09_0356,0.2,S03_1
M09_0356,0.2,S03_3
M09_0356,0.2,S04_14
M09_0356,0.2,S05_11
M09_0356,0.2,S06_8
M09_0356,0.2,S14_16
M09_0356,0.2,S14_2
M09_0363,0.2,K02_4
M09_0363,0.2,K05_3
M09_0363,0.2,K05_7
M09_0363,0.2,K07_15
M09_0363,0.2,K07_2
M09_0363,0.2,K07_7
M09_0363,0.2,K10_6
M09_0363,0.2,K13_13
M09_0363,0.2,L05_8
M09_0363,0.2,L07_1
M09_0363,0.2,L08_13
M09_0363,0.2,L13_11
M09_0363,0.2,L13_5
M09_0363,0.2,L14_10
M09_0363,0.2,L14_6
M09_0363,0.2,L14_7
M09_0363,0.2,L14_8
M09_0363,0.2,L14_9
M09_0363,0.2,L15_6
M09_0363,0.2,L16_4
M09_0363,0.2,L18_3
M09_0363,0.2,L18_8
M09_0363,0.2,L18_9
M09_0363,0.2,M04_4
M09_0363,0.2,M07_2
M09_0363,0.2,M07_8
M09_0363,0.2,M09_8
M09_0363,0.2,M13_16
M09_0363,0.2,M13_17
M09_0363,0.2,M14_5
M09_0363,0.2,M15_3
M09_0363,0.2,M15_5
M09_0363,0.2,M15_9
M09_0363,0.2,M18_1
M09_0363,0.2,M19_3
M09_0363,0.2,N03_1
M09_0363,0.2,N03_3
M09_0363,0.2,N03_4
M09_0363,0.2,N03_7
M09_0363,0.2,N06_1
M09_0363,0.2,N06_4
M09_0363,0.2,N06_6
M09_0363,0.2,N07_1
M09_0363,0.2,N09_5
M09_0363,0.2,N09_8
M09_0363,0.2,N11_10
M09_0363,0.2,N11_21
M09_0363,0.2,N11_6
M09_0363,0.2,N11_7
M09_0363,0.2,N12_2
M09_0363,0.2,N12_7
M09_0363,0.2,N12_8
M09_0363,0.2,N14_2
M09_0363,0.2,N14_7
M09_0363,0.2,N15_1
M09_0363,0.2,N15_3
M09_0363,0.2,N15_5
M09_0363,0.2,S01_1
M09_0363,0.2,S01_4
M09_0363,0.2,S01_7
M09_0363,0.2,S02_2
M09_0363,0.2,S02_7
M09_0363,0.2,S06_1
M09_0363,0.2,S09_10
M09_0363,0.2,S09_8
M09_0363,0.2,S10_2
M09_0363,0.2,S14_12
M09_0363,0.2,S14_3
M09_0364,0.9,M09_8
M09_0365,0.9,M09_3
M09_0367,1,M09_7
M09_0368,0.3,N16_3
M09_0369,1,M09_7
M09_0370,1,M09_7
M09_0371,1,M09_8
M09_0372,1,M09_8
M09_0373,1,M09_7
M09_0374,1,M09_8
M09_0375,1,M09_7
M09_0378,1,M09_3
M09_0381,1,M09_4
M09_0384,1,M14_6
M09_0387,1,M09_4
M09_0396,1,M14_6
M09_0397,0.4,L16_5
M09_0397,0.4,M09_12
M09_0397,0.4,M09_2
M09_0397,0.4,M09_5
M09_0397,0.4,N02_2
M09_0397,0.4,S07_5
M09_0403,1,M09_12
M09_0404,1,M09_3
M09_0405,1,M14_6
M09_0409,1,M09_13
M09_0415,1,M09_4
M09_0420,1,M09_4
M09_0438,0.3,K02_10
M09_0438,0.3,K02_2
M09_0438,0.3,K04_3
M09_0438,0.3,K04_4
M09_0438,0.3,K12_3
M09_0438,0.3,K14_7
M09_0438,0.3,L13_11
M09_0438,0.3,M04_1
M09_0438,0.3,M09_11
M09_0438,0.3,M12_2
M09_0438,0.3,M13_18
M09_0438,0.3,M14_7
M09_0438,0.3,M16_1
M09_0438,0.3,M16_5
M09_0438,0.3,M19_1
M09_0438,0.3,M19_3
M09_0438,0.3,N11_10
M09_0438,0.3,N13_13
M09_0438,0.3,S03_2
M09_0439,1,M09_5
M09_0440,1,M09_4
M09_0442,1,M09_4
M09_0444,0.4,K14_9
M09_0444,0.4,L04_6
M09_0444,0.4,M09_4
M09_0444,0.4,M13_1
M09_0444,0.4,N11_3
M09_0444,0.4,N16_2
M09_0448,1,M09_4
M09_0449,0.8,M09_4
M09_0450,0.2,K01_8
M09_0450,0.2,K02_11
M09_0450,0.2,K02_7
M09_0450,0.2,K03_5
M09_0450,0.2,K05_5
M09_0450,0.2,K07_13
M09_0450,0.2,K09_18
M09_0450,0.2,K11_2
M09_0450,0.2,K12_1
M09_0450,0.2,K14_8
M09_0450,0.2,K14_9
M09_0450,0.2,L04_6
M09_0450,0.2,L05_9
M09_0450,0.2,L08_2
M09_0450,0.2,L08_6
M09_0450,0.2,L09_5
M09_0450,0.2,L09_7
M09_0450,0.2,L11_2
M09_0450,0.2,L11_3
M09_0450,0.2,L12_2
M09_0450,0.2,L13_21
M09_0450,0.2,L17_3
M09_0450,0.2,L17_6
M09_0450,0.2,L18_4
M09_0450,0.2,M09_14
M09_0450,0.2,M09_4
M09_0450,0.2,M12_5
M09_0450,0.2,M12_6
M09_0450,0.2,M13_1
M09_0450,0.2,M13_4
M09_0450,0.2,M14_1
M09_0450,0.2,N06_5
M09_0450,0.2,N11_5
M09_0450,0.2,N11_8
M09_0450,0.2,N13_7
M09_0450,0.2,N16_4
M09_0450,0.2,S01_18
M09_0450,0.2,S04_11
M09_0450,0.2,S04_16
M09_0450,0.2,S05_3
M09_0450,0.2,S10_4
M09_0450,0.2,S10_5
M09_0450,0.2,S14_13
M09_0450,0.2,S14_9
M09_0450,0.2,S15_2
M09_0450,0.2,S15_4
M09_0450,0.2,S16_11
M09_XX351,1,M09_7
M09_XX354,1,M09_7
M09_XX356,1,M09_4
M09_XX357,0.4,M09_5
M09_XX359,0.6,M09_4
M09_XX360,0.9,M09_4
M09_XX365,1,M09_4
M12_00029,1,M12_8
M12_00034,1,M12_16
M13_00117,0.2,K02_3
M13_00117,0.2,M13_17
M13_00124,0.2,L13_13
M13_00124,0.2,M16_2
M13_00124,0.2,N08_6
M13_00124,0.2,N11_8
M13_00124,0.2,S14_5
M13_00150,1,M13_18
M13_00162,0.1,K07_13
M13_00162,0.1,K07_15
M13_00162,0.1,K07_2
M13_00162,0.1,K07_7
M13_00162,0.1,K07_8
M13_00162,0.1,K10_8
M13_00162,0.1,K11_4
M13_00162,0.1,K17_2
M13_00162,0.1,K17_3
M13_00162,0.1,L05_11
M13_00162,0.1,L05_13
M13_00162,0.1,L09_6
M13_00162,0.1,L10_1
M13_00162,0.1,L11_5
M13_00162,0.1,L11_7
M13_00162,0.1,L15_3
M13_00162,0.1,L18_6
M13_00162,0.1,L19_4
M13_00162,0.1,M16_6
M13_00162,0.1,M18_4
M13_00162,0.1,N02_2
M13_00162,0.1,N07_5
M13_00162,0.1,N07_6
M13_00162,0.1,N11_16
M13_00162,0.1,N11_7
M13_00162,0.1,S01_6
M13_00162,0.1,S02_8
M13_00162,0.1,S08_16
M13_00162,0.1,S09_2
M13_00162,0.1,S09_7
M13_00162,0.1,S13_4
M13_00162,0.1,S14_15
M14_00118,1,M14_5
M14_00122,1,N13_5
M14_00123,1,M14_6
M14_00151,1,M14_6
M15_00187,1,M15_5
M15_00191,1,M15_7
M15_00223,1,M15_4
M16_00112,1,M16_5
M16_00114,1,M16_5
M16_00119,1,M16_5
M16_00144,1,M16_5
M16_00147,1,M16_6
M16_00148,0.9,M16_6
M16_00154,0.5,M16_3
M16_00156,1,M16_3
M16_00160,1,M16_3
M16_00161,1,M16_3
M16_00162,0.5,M16_3
M16_00162,0.5,M17_5
M16_00165,1,M16_3
M16_00166,1,M16_5
M16_00169,1,M16_3
M16_00172,1,M16_2
M16_00173,1,M16_5
M16_00183,1,M16_5
M16_00185,1,M16_4
M16_00191,0.8,M16_4
M16_00193,1,M16_4
M16_00194,1,M16_5
M16_00197,1,M16_5
M16_00198,1,M16_5
M16_00223,1,M16_5
M16_00227,1,M16_5
M16_00231,0.6,M13_14
M16_00231,0.6,M13_5
M16_00231,0.6,M16_4
M16_00240,1,S04_2
M16_00240,1,S04_3
M16_00264,1,M16_4
M16_00266,0.9,M16_4
M16_00294,0.5,N03_6
M16_00295,1,M16_6
M16_00324,1,M16_8
M16_00327,1,M16_5
M16_00329,1,M16_4
M16_00330,0.5,M16_5
M16_00331,1,M16_5
M16_00332,0.5,M16_5
M16_00333,1,M16_4
M16_00335,1,M16_8
M16_00336,1,M16_8
M16_00340,0.6,M16_8
M16_00342,1,M16_2
M16_00343,1,M16_4
M16_00344,1,M16_4
M16_00346,1,M16_8
M16_00353,0.6,M16_2
M16_00353,0.6,M16_3
M16_00357,1,M16_4
M16_00371,1,M16_5
M16_00372,1,M16_5
M17_00011,0.9,M17_4
M17_00015,1,M17_4
M17_00017,1,M17_3
M17_00018,1,M17_4
M17_00020,1,M17_3
M17_00026,1,M17_4
M17_00035,1,M17_3
M17_00036,1,M17_3
M17_00039,1,M17_3
M17_00040,1,M17_3
M17_00043,1,M17_4
M17_00045,1,M17_3
M17_00057,1,M17_4
M17_00059,1,M17_3
M17_00063,1,M17_5
M17_00065,1,M17_4
M17_00071,1,M17_4
M17_00073,1,M17_4
M17_00075,1,M17_4
M17_00076,1,M17_4
M17_00077,1,M17_4
M17_00090,1,M17_4
M17_00092,1,M17_4
M17_00095,1,M17_4
M17_00096,1,M17_4
M17_00098,1,M17_4
M17_00100,1,M17_4
M17_00102,1,M17_4
M17_00103,1,M17_4
M17_00105,1,M17_4
M17_00106,1,M17_4
M17_00107,1,M17_4
M17_00110,1,M17_1
M17_00112,1,M17_4
M17_00113,1,M17_4
M17_00114,1,M17_4
M17_00115,1,M17_4
M17_00116,1,M17_4
M17_00117,1,M17_4
M17_00118,1,M17_4
M17_00120,1,M17_4
M17_00121,1,M17_4
M17_00122,1,M17_4
M17_00126,1,M17_4
M17_00128,1,M01_5
M17_00129,0.3,K01_12
M17_00129,0.3,M16_3
M17_00129,0.3,S05_11
M17_00130,1,M17_4
M17_00135,0.1,K03_1
M17_00135,0.1,K09_2
M17_00135,0.1,L12_6
M17_00135,0.1,M06_3
M17_00135,0.1,N02_2
M17_00135,0.1,N11_13
M17_00135,0.1,N11_3
M17_00141,0.8,M17_4
M17_00144,0.4,N16_3
M17_00158,0.4,M17_4
M17_00159,0.2,K17_2
M17_00159,0.2,K17_4
M17_00159,0.2,L04_6
M17_00159,0.2,L05_11
M17_00159,0.2,L11_2
M17_00159,0.2,L13_13
M17_00159,0.2,M19_4
M17_00159,0.2,N06_9
M17_00159,0.2,N11_17
M17_00159,0.2,S02_1
M17_00159,0.2,S09_11
M17_00159,0.2,S14_10
M17_00159,0.2,S14_13
M17_00159,0.2,S14_2
M17_00159,0.2,S14_9
M17_00159,0.2,S16_11
M17_00172,0.8,M17_4
M17_00182,1,M17_4
M17_00183,1,M17_2
M17_00184,1,M17_5
M18_00002,1,M18_2
M18_00004,0.2,K01_12
M18_00004,0.2,K09_17
M18_00004,0.2,K14_1
M18_00004,0.2,L02_7
M18_00004,0.2,L04_5
M18_00004,0.2,L04_7
M18_00004,0.2,L05_12
M18_00004,0.2,L05_13
M18_00004,0.2,L05_5
M18_00004,0.2,L05_6
M18_00004,0.2,L05_7
M18_00004,0.2,L16_5
M18_00004,0.2,N02_2
M18_00004,0.2,N06_9
M18_00004,0.2,N11_3
M18_00004,0.2,S02_1
M18_00004,0.2,S02_5
M18_00004,0.2,S04_16
M18_00004,0.2,S09_5
M18_00004,0.2,S09_6
M18_00005,0.3,K01_8
M18_00005,0.3,K02_11
M18_00005,0.3,K15_4
M18_00005,0.3,L04_3
M18_00005,0.3,M05_3
M18_00005,0.3,M16_3
M18_00005,0.3,N06_3
M18_00005,0.3,N09_3
M18_00005,0.3,S03_1
M18_00005,0.3,S03_3
M18_00010,1,M18_2
M19_00001,1,M19_1
N03_00017,1,N03_3
N03_00021,1,N03_3
N04_00008,1,N04_3
N04_00010,1,N04_6
N04_00011,1,N04_6
N04_00012,1,N04_3
N04_00013,1,N04_5
N04_00015,1,N04_2
N04_00016,1,N04_2
N04_00022,1,N04_5
N04_00023,1,N04_5
N04_00024,0.4,N04_5
N07_00005,1,N07_5
N07_00006,1,N07_1
N07_00020,0.4,K03_1
N07_00020,0.4,K13_13
N07_00020,0.4,L16_4
N07_00020,0.4,N11_13
N07_00020,0.4,N16_3
N07_00020,0.4,S10_2
N07_00020,0.4,S14_11
N08_00004,0.4,K01_3
N08_00004,0.4,K07_10
N08_00004,0.4,M13_11
N08_00004,0.4,N08_6
N08_00004,0.4,N12_14
N08_00004,0.4,N16_3
N08_00004,0.4,S04_6
N08_00005,1,N08_1
N08_00021,1,N08_3
N08_00024,1,N08_3
N08_00027,1,N08_3
N08_00030,1,N08_1
N08_00031,1,N08_3
N08_00032,1,N08_3
N08_00033,1,N08_1
N09_00004,1,N09_9
N09_00005,1,N09_1
N09_00014,1,N09_5
N10_00007,1,N10_1
N11_00008,1,N11_5
N11_00010,0.5,N11_2
N11_00011,1,N11_16
N11_00013,1,N11_5
N11_00016,0.4,L11_6
N11_00016,0.4,M14_1
N11_00016,0.4,N11_5
N11_00020,1,N11_22
N11_00021,1,N11_22
N11_00022,1,N11_16
N11_00025,1,N11_5
N11_00029,1,N11_7
N13_00005,1,N13_5
N13_00006,0.3,K04_5
N13_00006,0.3,K07_10
N13_00006,0.3,K13_13
N13_00006,0.3,L03_6
N13_00006,0.3,N10_3
N13_00006,0.3,N13_13
N13_00011,1,N06_6
N13_00018,1,N13_3
N13_00019,0.5,S16_4
N13_00022,1,N13_5
N13_00023,1,N13_3
N13_00028,1,N13_5
N13_00029,0.6,N13_3
N13_00037,1,N13_5
N13_00038,1,N13_5
N13_00040,1,N13_5
N13_00041,1,N13_5
N13_00042,1,N13_5
N13_00043,1,N13_5
N13_00053,1,N13_5
N13_00058,1,N13_5
N13_00062,1,N13_5
N14_00007,1,N14_3
N14_00008,1,N14_3
N14_00013,1,N14_3
N14_00021,1,N14_3
N14_00024,1,N14_3
N14_00038,0.3,L01_1
N14_00038,0.3,L13_19
N14_00038,0.3,L14_8
N14_00038,0.3,L14_9
N14_00038,0.3,M09_1
N14_00038,0.3,M09_10
N14_00038,0.3,M09_15
N14_00038,0.3,M13_17
N14_00038,0.3,M14_7
N14_00038,0.3,M19_1
N14_00038,0.3,N03_5
N14_00038,0.3,N04_1
N14_00038,0.3,N05_1
N14_00038,0.3,N12_8
N14_00038,0.3,N13_11
N14_00038,0.3,N14_3
N14_00038,0.3,S03_3
N14_00038,0.3,S14_17
N14_00047,1,N14_2
N14_00052,1,N14_3
N15_00005,0.3,M13_12
N15_00005,0.3,S09_9
N15_00008,1,N15_3
N15_00009,1,N15_3
N15_00012,1,N15_3
N15_00015,1,N15_3
N15_00017,1,N15_3
N15_00019,1,N15_3
N15_00020,1,N15_3
N15_00028,1,N15_3
N15_00030,1,N15_3
N15_00031,1,N15_3
N15_00032,1,N15_3
N15_00039,1,N15_5
N15_00040,1,N15_5
N15_00043,1,N15_4
N15_00044,1,N15_3
N16_00005,1,N16_3
N16_00008,1,K15_4
S01_00101,1,S01_2
S01_00116,1,S01_6
S01_00117,1,S01_6
S01_00123,0.5,K04_1
S01_00124,1,S01_3
S02_00064,1,S02_7
S02_00065,0.6,S02_4
S02_00065,0.6,S02_7
S02_00067,1,S02_7
S02_00069,1,S02_7
S02_00073,0.4,K01_10
S02_00073,0.4,L01_1
S02_00073,0.4,L17_2
S02_00073,0.4,L17_6
S02_00073,0.4,M09_14
S02_00073,0.4,N16_4
S02_00073,0.4,S10_5
S02_00075,1,S02_4
S02_00077,1,S02_7
S02_00086,0.6,S02_4
S02_00086,0.6,S02_7
S02_00088,1,S02_7
S02_00091,1,S02_7
S02_00094,1,S02_7
S02_00096,1,S02_7
S02_00099,1,S02_4
S02_00100,1,S02_4
S02_00101,1,S02_4
S02_00102,1,S02_4
S02_00103,1,S02_7
S02_00104,1,S02_4
S02_00105,1,S02_7
S02_00106,1,S02_4
S02_00107,1,S02_4
S02_00108,1,S02_4
S02_00109,1,S02_4
S02_00110,1,S02_7
S02_00113,0.6,S02_4
S02_00113,0.6,S02_7
S02_00115,0.2,K15_3
S02_00115,0.2,K15_4
S02_00115,0.2,S02_7
S02_00116,1,S02_7
S02_00117,1,S02_4
S02_00118,1,S02_4
S02_00124,0.5,S02_3
S02_00137,1,S02_7
S02_00146,1,S02_4
S02_00147,1,S02_4
S02_00148,1,S02_7
S04_00073,1,S04_12
S04_00074,1,S04_7
S04_00075,1,S04_1
S04_00085,1,S04_4
S04_00086,0.3,K01_9
S04_00086,0.3,L13_20
S04_00086,0.3,L18_6
S04_00086,0.3,N08_1
S04_00086,0.3,S14_1
S04_00087,1,S04_6
S04_00088,1,S04_13
S04_00092,1,S04_2
S04_00092,1,S04_3
S04_00093,0.4,S04_12
S04_00094,1,S04_8
S04_00095,0.3,N01_4
S04_00095,0.3,N13_11
S04_00095,0.3,S06_2
S04_00097,1,S04_2
S04_00097,1,S04_3
S04_00099,0.3,K16_5
S04_00099,0.3,N12_14
S04_00099,0.3,S04_6
S04_00100,1,S04_8
S04_00108,1,S04_6
S04_00109,1,S04_2
S04_00109,1,S04_3
S04_00111,0.3,K01_4
S04_00111,0.3,K13_11
S04_00111,0.3,K14_1
S04_00111,0.3,K16_6
S04_00111,0.3,N16_2
S04_00111,0.3,S10_9
S04_00112,1,S04_8
S04_00113,1,S04_8
S04_00114,1,S04_2
S04_00114,1,S04_3
S04_00115,0.4,K02_8
S04_00115,0.4,K15_4
S04_00115,0.4,M14_4
S04_00115,0.4,S04_4
S04_00115,0.4,S10_1
S04_00116,0.9,S04_8
S04_00123,0.4,N12_14
S04_00124,1,S04_6
S04_00125,1,S04_2
S04_00125,1,S04_3
S04_00138,1,S04_4
S05_00038,1,S05_4
S05_00039,1,S05_3
S05_00040,1,S05_8
S05_00041,1,S05_4
S05_00043,1,S05_4
S05_00044,1,S05_9
S05_00046,1,S05_5
S05_00047,1,S05_4
S05_00048,1,S05_4
S05_00050,0.4,K05_6
S05_00050,0.4,L19_1
S05_00050,0.4,S05_5
S05_00050,0.4,S10_8
S05_00055,1,S05_2
S05_00056,1,S05_2
S05_00059,1,S05_2
S06_00045,1,S06_6
S06_00046,0.8,S06_6
S06_00047,1,S06_5
S06_00054,1,S06_6
S08_00033,1,S08_7
S08_00036,1,S08_3
S09_00043,1,S09_8
S09_00047,0.5,K15_5
S09_00048,1,S09_2
S09_00050,0.5,K02_3
S09_00050,0.5,M01_2
S09_00050,0.5,N16_2
S09_00061,1,S09_5
S09_00064,1,S09_5
S09_00066,0.3,N12_1
S09_00066,0.3,S14_13
S09_00067,1,S09_8
S09_00074,0.7,S09_5
S09_00075,1,S09_1
S10_00044,1,S10_7
S10_00046,1,S10_8
S10_00047,1,S10_8
S10_00082,0.8,L04_3
S10_00085,0.7,S02_5
S11_00029,0.2,K13_11
S11_00029,0.2,K13_18
S11_00029,0.2,K17_2
S11_00029,0.2,K17_4
S11_00029,0.2,L01_5
S11_00029,0.2,L05_12
S11_00029,0.2,L07_2
S11_00029,0.2,L11_2
S11_00029,0.2,L16_2
S11_00029,0.2,L18_7
S11_00029,0.2,L19_2
S11_00029,0.2,M03_3
S11_00029,0.2,M06_4
S11_00029,0.2,M12_1
S11_00029,0.2,M12_6
S11_00029,0.2,M14_6
S11_00029,0.2,M15_6
S11_00029,0.2,M17_2
S11_00029,0.2,M17_5
S11_00029,0.2,N07_8
S11_00029,0.2,N08_6
S11_00029,0.2,N11_14
S11_00029,0.2,N11_16
S11_00029,0.2,N12_11
S11_00029,0.2,N12_12
S11_00029,0.2,S01_2
S11_00029,0.2,S06_2
S11_00029,0.2,S06_5
S11_00029,0.2,S06_6
S11_00029,0.2,S10_4
S11_00029,0.2,S10_9
S11_00029,0.2,S14_13
S11_00029,0.2,S14_8
S11_00029,0.2,S14_9
S11_00029,0.2,S16_8
S11_00029,0.2,S17_2
S13_00021,0.2,K03_3
S13_00021,0.2,K07_1
S13_00021,0.2,K07_5
S13_00021,0.2,K17_1
S13_00021,0.2,L07_7
S13_00021,0.2,L12_5
S13_00021,0.2,L12_6
S13_00021,0.2,L13_16
S13_00021,0.2,M19_1
S13_00021,0.2,N05_5
S13_00021,0.2,N06_4
S13_00021,0.2,N09_5
S13_00021,0.2,N11_13
S13_00021,0.2,N12_14
S13_00021,0.2,N12_6
S13_00021,0.2,N13_6
S13_00021,0.2,N14_2
S13_00021,0.2,S01_1
S13_00021,0.2,S01_4
S13_00021,0.2,S01_5
S13_00021,0.2,S01_7
S13_00021,0.2,S02_2
S13_00021,0.2,S02_4
S13_00021,0.2,S04_13
S13_00021,0.2,S09_10
S13_00021,0.2,S09_3
S13_00021,0.2,S13_1
S13_00021,0.2,S13_5
S13_00022,0.3,M04_2
S13_00022,0.3,M15_1
S13_00022,0.3,N11_5
S13_00022,0.3,N12_4
S13_00022,0.3,N14_6
S13_00022,0.3,N15_8
S13_00023,0.7,S13_5
S14_00017,1,S14_2
S14_00018,0.8,S14_5
S14_00020,0.3,K02_7
S14_00020,0.3,K05_5
S14_00020,0.3,K14_9
S14_00020,0.3,L08_6
S14_00020,0.3,L09_7
S14_00020,0.3,M09_14
S14_00020,0.3,N06_5
S14_00020,0.3,N13_2
S14_00021,1,S14_4
S14_00023,1,S14_2
S14_00024,1,S14_7
S14_00025,1,S14_7
S14_00026,1,S14_6
S14_00027,1,S14_13
S14_00028,1,S14_6
S14_00029,1,S14_5
S14_00030,1,S14_4
S14_00059,1,S14_4
S14_00060,1,S14_4
S14_00087,1,S14_4
S16_00007,1,S16_6
S16_00008,1,S16_5
S16_00010,1,S16_5
S16_00013,0.4,K12_7-K14_4
S16_00013,0.4,M01_5
S16_00013,0.4,M12_13
S16_00029,1,S16_4
S16_00030,1,S16_4
S16_00031,1,S16_4
S16_00033,1,S16_3
S16_00034,1,S16_5
S16_00043,1,S16_3
S17_00001,0.6,M13_17
S17_00002,1,S17_1
