Allele,D8S1179,D21S11,D7S820,CSF1PO,D3S1358,TH01,D13S317,D16S539,D2S1338,D19S433,vWA,TPOX,D18S51,D5S818,FGA
2.2,NA,NA,NA,NA,NA,NA,NA,NA,NA,NA,NA,NA,NA,NA,NA
3.2,NA,NA,NA,NA,NA,NA,NA,NA,NA,NA,NA,NA,NA,NA,NA
4,NA,NA,NA,NA,NA,NA,NA,NA,NA,NA,NA,NA,NA,NA,NA
4.2,NA,NA,NA,NA,NA,NA,NA,NA,NA,NA,NA,NA,NA,NA,NA
5,NA,NA,NA,NA,NA,0.00193050193050193,NA,4.8262548262548264e-4,NA,NA,NA,4.830917874396135e-4,NA,NA,NA
6,NA,NA,4.8262548262548264e-4,NA,NA,0.19594594594594592,NA,NA,NA,NA,NA,0.03188405797101449,NA,NA,NA
6.3,NA,NA,NA,NA,NA,NA,NA,NA,NA,NA,NA,NA,NA,NA,NA
7,NA,NA,0.0164092664092664,0.02316602316602316,NA,0.2948841698841699,NA,NA,NA,NA,NA,0.0072463768115942,NA,0.0111003861003861,NA
8,0.01061776061776061,NA,0.16554054054054054,0.02123552123552123,NA,0.12548262548262548,0.09652509652509653,0.02123552123552123,NA,NA,NA,0.466183574879227,NA,0.01978764478764478,NA
8.1,NA,NA,4.8262548262548264e-4,NA,NA,NA,NA,NA,NA,NA,NA,NA,NA,NA,NA
9,0.00482625482625482,NA,0.12162162162162164,0.02944015444015444,NA,0.16891891891891891,0.08928571428571429,0.16264478764478765,NA,4.8262548262548264e-4,NA,0.13768115942028986,9.652509652509652e-4,0.04633204633204633,NA
9.1,NA,NA,NA,NA,NA,NA,NA,NA,NA,NA,NA,NA,NA,NA,NA
9.3,NA,NA,NA,NA,NA,0.2055984555984556,NA,NA,NA,NA,NA,NA,NA,NA,NA
10,0.07866795366795366,NA,0.2948841698841699,0.23214285714285715,NA,0.00675675675675675,0.05888030888030888,0.10810810810810811,NA,0.00434362934362934,NA,0.05990338164251208,0.00482625482625482,0.0777027027027027,NA
10.1,NA,NA,NA,NA,NA,NA,NA,NA,NA,NA,NA,NA,NA,NA,NA
10.2,NA,NA,NA,NA,NA,NA,NA,NA,NA,NA,NA,NA,NA,NA,NA
10.3,NA,NA,4.8262548262548264e-4,NA,NA,NA,NA,NA,NA,NA,NA,NA,NA,NA,NA
11,0.06708494208494209,NA,0.23455598455598456,0.27364864864864863,4.8262548262548264e-4,4.8262548262548264e-4,0.2905405405405405,0.2915057915057915,NA,0.026061776061776058,0.00144787644787644,0.24444444444444444,0.00723938223938224,0.3156370656370656,NA
11.2,NA,NA,NA,NA,NA,NA,NA,NA,NA,NA,NA,NA,NA,NA,NA
11.3,NA,NA,NA,NA,NA,NA,NA,NA,NA,NA,NA,NA,NA,NA,NA
12,0.14189189189189189,NA,0.1361003861003861,0.34459459459459457,0.00144787644787644,NA,0.305019305019305,0.25675675675675674,NA,0.0834942084942085,9.652509652509652e-4,0.05120772946859903,0.09411196911196912,0.3532818532818533,NA
12.2,NA,NA,NA,NA,NA,NA,NA,NA,NA,0.01785714285714285,NA,NA,NA,NA,NA
12.3,NA,NA,NA,NA,NA,NA,NA,NA,NA,NA,NA,NA,NA,NA,NA
13,0.26833976833976836,NA,0.02750965250965251,0.06563706563706563,0.00289575289575289,NA,0.11631274131274132,0.13706563706563707,NA,0.2471042471042471,0.00337837837837837,9.66183574879227e-4,0.10472972972972971,0.1631274131274131,NA
13.2,NA,NA,NA,NA,NA,NA,NA,NA,NA,0.03185328185328185,NA,NA,0.00144787644787644,NA,NA
13.3,NA,NA,NA,NA,NA,NA,NA,NA,NA,NA,NA,NA,NA,NA,NA
13.4,NA,NA,NA,NA,NA,NA,NA,NA,NA,NA,NA,NA,NA,NA,NA
14,0.2335907335907336,NA,0.00193050193050193,0.00916988416988417,0.08735521235521236,NA,0.04198841698841699,0.02171814671814672,NA,0.30405405405405406,0.09555984555984556,NA,0.1293436293436293,0.0111003861003861,NA
14.2,NA,NA,NA,NA,NA,NA,NA,NA,NA,0.05115830115830116,NA,NA,9.652509652509652e-4,NA,NA
14.3,NA,NA,NA,NA,NA,NA,NA,NA,NA,NA,NA,NA,NA,NA,NA
15,0.14044401544401544,NA,NA,9.652509652509652e-4,0.3045366795366795,NA,0.00144787644787644,4.8262548262548264e-4,9.652509652509652e-4,0.11776061776061776,0.13465250965250966,NA,0.166988416988417,0.00193050193050193,NA
15.2,NA,NA,NA,NA,4.8262548262548264e-4,NA,NA,NA,NA,0.05694980694980695,NA,NA,4.8262548262548264e-4,NA,NA
15.3,NA,NA,NA,NA,NA,NA,NA,NA,NA,NA,NA,NA,NA,NA,NA
15.4,NA,NA,NA,NA,NA,NA,NA,NA,NA,NA,NA,NA,NA,NA,NA
16,0.04874517374517374,NA,NA,NA,0.2828185328185328,NA,NA,NA,0.04005791505791506,0.02799227799227799,0.2302123552123552,NA,0.14816602316602318,NA,NA
16.2,NA,NA,NA,NA,NA,NA,NA,NA,NA,0.02316602316602316,NA,NA,4.8262548262548264e-4,NA,4.8262548262548264e-4
16.3,NA,NA,NA,NA,NA,NA,NA,NA,NA,NA,NA,NA,NA,NA,NA
17,0.00386100386100386,NA,NA,NA,0.20415057915057916,NA,NA,NA,0.14189189189189189,0.00241312741312741,0.26206563706563707,NA,0.13320463320463322,NA,0.00144787644787644
17.1,NA,NA,NA,NA,NA,NA,NA,NA,NA,NA,NA,NA,NA,NA,NA
17.2,NA,NA,NA,NA,NA,NA,NA,NA,NA,0.00386100386100386,NA,NA,NA,NA,4.8262548262548264e-4
17.3,NA,NA,NA,NA,NA,NA,NA,NA,NA,NA,NA,NA,NA,NA,NA
18,0.00193050193050193,NA,NA,NA,0.10569498069498068,NA,NA,NA,0.07046332046332046,NA,0.18001930501930502,NA,0.08783783783783784,NA,0.01447876447876448
18.1,NA,NA,NA,NA,NA,NA,NA,NA,NA,NA,NA,NA,NA,NA,NA
18.2,NA,NA,NA,NA,NA,NA,NA,NA,NA,0.00144787644787644,NA,NA,NA,NA,0.00579150579150579
18.3,NA,NA,NA,NA,NA,NA,NA,NA,NA,NA,NA,NA,NA,NA,NA
19,NA,NA,NA,NA,0.00916988416988417,NA,NA,NA,0.14864864864864866,NA,0.07866795366795366,NA,0.06129343629343629,NA,0.05791505791505792
19.1,NA,NA,NA,NA,NA,NA,NA,NA,NA,NA,NA,NA,NA,NA,NA
19.2,NA,NA,NA,NA,NA,NA,NA,NA,NA,NA,NA,NA,NA,NA,9.652509652509652e-4
19.3,NA,NA,NA,NA,NA,NA,NA,NA,NA,NA,NA,NA,NA,NA,NA
19.4,NA,NA,NA,NA,NA,NA,NA,NA,NA,NA,NA,NA,NA,NA,NA
20,NA,NA,NA,NA,9.652509652509652e-4,NA,NA,NA,0.1327220077220077,NA,0.01158301158301158,NA,0.03571428571428571,NA,0.08832046332046332
20.1,NA,NA,NA,NA,NA,NA,NA,NA,NA,NA,NA,NA,NA,NA,NA
20.2,NA,NA,NA,NA,NA,NA,NA,NA,NA,NA,NA,NA,NA,NA,NA
20.3,NA,NA,NA,NA,NA,NA,NA,NA,NA,NA,NA,NA,NA,NA,NA
21,NA,NA,NA,NA,NA,NA,NA,NA,0.06660231660231661,NA,0.00144787644787644,NA,0.00965250965250965,NA,0.1472007722007722
21.2,NA,NA,NA,NA,NA,NA,NA,NA,NA,NA,NA,NA,4.8262548262548264e-4,NA,0.00193050193050193
21.3,NA,NA,NA,NA,NA,NA,NA,NA,NA,NA,NA,NA,NA,NA,NA
22,NA,NA,NA,NA,NA,NA,NA,NA,0.07528957528957529,NA,NA,NA,0.00868725868725868,NA,0.1973938223938224
22.2,NA,NA,NA,NA,NA,NA,NA,NA,NA,NA,NA,NA,NA,NA,0.00675675675675675
22.3,NA,NA,NA,NA,NA,NA,NA,NA,NA,NA,NA,NA,NA,NA,4.8262548262548264e-4
23,NA,NA,NA,NA,NA,NA,NA,NA,0.11824324324324324,NA,NA,NA,0.00193050193050193,NA,0.15588803088803088
23.2,NA,NA,NA,NA,NA,NA,NA,NA,NA,NA,NA,NA,NA,NA,0.00241312741312741
23.3,NA,NA,NA,NA,NA,NA,NA,NA,NA,NA,NA,NA,NA,NA,NA
24,NA,NA,NA,NA,NA,NA,NA,NA,0.097007722007722,NA,NA,NA,9.652509652509652e-4,NA,0.13706563706563707
24.2,NA,4.8262548262548264e-4,NA,NA,NA,NA,NA,NA,NA,NA,NA,NA,NA,NA,9.652509652509652e-4
24.3,NA,NA,NA,NA,NA,NA,NA,NA,NA,NA,NA,NA,NA,NA,NA
25,NA,NA,NA,NA,NA,NA,NA,NA,0.0834942084942085,NA,NA,NA,NA,NA,0.10038610038610038
25.2,NA,4.8262548262548264e-4,NA,NA,NA,NA,NA,NA,NA,NA,NA,NA,NA,NA,4.8262548262548264e-4
26,NA,4.8262548262548264e-4,NA,NA,NA,NA,NA,NA,0.02268339768339768,NA,NA,NA,NA,NA,0.04922779922779923
26.2,NA,4.8262548262548264e-4,NA,NA,NA,NA,NA,NA,NA,NA,NA,NA,NA,NA,NA
27,NA,0.03861003861003861,NA,NA,NA,NA,NA,NA,0.00193050193050193,NA,NA,NA,NA,NA,0.01978764478764478
27.2,NA,NA,NA,NA,NA,NA,NA,NA,NA,NA,NA,NA,NA,NA,NA
27.3,NA,NA,NA,NA,NA,NA,NA,NA,NA,NA,NA,NA,NA,NA,NA
28,NA,0.16457528957528958,NA,NA,NA,NA,NA,NA,NA,NA,NA,NA,4.8262548262548264e-4,NA,0.0053088803088803
28.2,NA,4.8262548262548264e-4,NA,NA,NA,NA,NA,NA,NA,NA,NA,NA,NA,NA,NA
28.3,NA,NA,NA,NA,NA,NA,NA,NA,NA,NA,NA,NA,NA,NA,NA
29,NA,0.20415057915057916,NA,NA,NA,NA,NA,NA,NA,NA,NA,NA,NA,NA,0.00241312741312741
29.2,NA,0.00144787644787644,NA,NA,NA,NA,NA,NA,NA,NA,NA,NA,NA,NA,NA
29.3,NA,4.8262548262548264e-4,NA,NA,NA,NA,NA,NA,NA,NA,NA,NA,NA,NA,NA
30,NA,0.2475868725868726,NA,NA,NA,NA,NA,NA,NA,NA,NA,NA,NA,NA,9.652509652509652e-4
30.2,NA,0.02171814671814672,NA,NA,NA,NA,NA,NA,NA,NA,NA,NA,NA,NA,4.8262548262548264e-4
30.3,NA,9.652509652509652e-4,NA,NA,NA,NA,NA,NA,NA,NA,NA,NA,NA,NA,NA
31,NA,0.08011583011583012,NA,NA,NA,NA,NA,NA,NA,NA,NA,NA,NA,NA,NA
31.2,NA,0.07722007722007722,NA,NA,NA,NA,NA,NA,NA,NA,NA,NA,NA,NA,4.8262548262548264e-4
32,NA,0.01399613899613899,NA,NA,NA,NA,NA,NA,NA,NA,NA,NA,NA,NA,NA
32.2,NA,0.0912162162162162,NA,NA,NA,NA,NA,NA,NA,NA,NA,NA,NA,NA,NA
33,NA,0.00434362934362934,NA,NA,NA,NA,NA,NA,NA,NA,NA,NA,NA,NA,NA
33.1,NA,0.00144787644787644,NA,NA,NA,NA,NA,NA,NA,NA,NA,NA,NA,NA,NA
33.2,NA,0.03281853281853281,NA,NA,NA,NA,NA,NA,NA,NA,NA,NA,NA,NA,NA
34,NA,0.00241312741312741,NA,NA,NA,NA,NA,NA,NA,NA,NA,NA,NA,NA,NA
34.2,NA,0.00144787644787644,NA,NA,NA,NA,NA,NA,NA,NA,NA,NA,NA,NA,NA
35,NA,0.00772200772200772,NA,NA,NA,NA,NA,NA,NA,NA,NA,NA,NA,NA,NA
36,NA,0.00337837837837837,NA,NA,NA,NA,NA,NA,NA,NA,NA,NA,NA,NA,NA
37,NA,9.652509652509652e-4,NA,NA,NA,NA,NA,NA,NA,NA,NA,NA,NA,NA,NA
38,NA,4.8262548262548264e-4,NA,NA,NA,NA,NA,NA,NA,NA,NA,NA,NA,NA,NA
39,NA,4.8262548262548264e-4,NA,NA,NA,NA,NA,NA,NA,NA,NA,NA,NA,NA,NA
43.2,NA,NA,NA,NA,NA,NA,NA,NA,NA,NA,NA,NA,NA,NA,4.8262548262548264e-4
