SampleName,Marker,Allele
RD14-0003-1,D8S1179,12
RD14-0003-1,D8S1179,15
RD14-0003-1,D21S11,29
RD14-0003-1,D21S11,31
RD14-0003-1,D7S820,9
RD14-0003-1,CSF1PO,11
RD14-0003-1,CSF1PO,12
RD14-0003-1,D3S1358,14
RD14-0003-1,D3S1358,18
RD14-0003-1,TH01,6
RD14-0003-1,TH01,9.3
RD14-0003-1,D13S317,8
RD14-0003-1,D13S317,12
RD14-0003-1,D16S539,12
RD14-0003-1,D16S539,13
RD14-0003-1,D2S1338,20
RD14-0003-1,D2S1338,22
RD14-0003-1,D19S433,14
RD14-0003-1,D19S433,15
RD14-0003-1,vWA,17
RD14-0003-1,vWA,19
RD14-0003-1,TPOX,8
RD14-0003-1,TPOX,11
RD14-0003-1,D18S51,13
RD14-0003-1,D18S51,15
RD14-0003-1,AMEL,X
RD14-0003-1,D5S818,11
RD14-0003-1,D5S818,12
RD14-0003-1,FGA,20
RD14-0003-1,FGA,25
RD14-0003-2,D8S1179,13
RD14-0003-2,D21S11,29
RD14-0003-2,D21S11,31
RD14-0003-2,D7S820,8
RD14-0003-2,D7S820,10
RD14-0003-2,CSF1PO,7
RD14-0003-2,CSF1PO,8
RD14-0003-2,D3S1358,15
RD14-0003-2,D3S1358,16
RD14-0003-2,TH01,6
RD14-0003-2,TH01,9
RD14-0003-2,D13S317,11
RD14-0003-2,D16S539,11
RD14-0003-2,D16S539,13
RD14-0003-2,D2S1338,21
RD14-0003-2,D19S433,13
RD14-0003-2,D19S433,14
RD14-0003-2,vWA,15
RD14-0003-2,vWA,17
RD14-0003-2,TPOX,9
RD14-0003-2,D18S51,17
RD14-0003-2,AMEL,X
RD14-0003-2,AMEL,Y
RD14-0003-2,D5S818,11
RD14-0003-2,D5S818,12
RD14-0003-2,FGA,24
RD14-0003-2,FGA,28
RD14-0003-3,D8S1179,14
RD14-0003-3,D8S1179,15
RD14-0003-3,D21S11,32.2
RD14-0003-3,D7S820,8
RD14-0003-3,D7S820,11
RD14-0003-3,CSF1PO,8
RD14-0003-3,CSF1PO,12
RD14-0003-3,D3S1358,16
RD14-0003-3,D3S1358,17
RD14-0003-3,TH01,8
RD14-0003-3,TH01,9
RD14-0003-3,D13S317,11
RD14-0003-3,D13S317,12
RD14-0003-3,D16S539,11
RD14-0003-3,D16S539,14
RD14-0003-3,D2S1338,22
RD14-0003-3,D2S1338,25
RD14-0003-3,D19S433,12
RD14-0003-3,D19S433,14
RD14-0003-3,vWA,15
RD14-0003-3,vWA,16
RD14-0003-3,TPOX,11
RD14-0003-3,D18S51,17
RD14-0003-3,D18S51,18
RD14-0003-3,AMEL,X
RD14-0003-3,AMEL,Y
RD14-0003-3,D5S818,12
RD14-0003-3,D5S818,13
RD14-0003-3,FGA,19
RD14-0003-3,FGA,24
RD14-0003-4,D8S1179,13
RD14-0003-4,D8S1179,14
RD14-0003-4,D21S11,28
RD14-0003-4,D21S11,30
RD14-0003-4,D7S820,9
RD14-0003-4,CSF1PO,12
RD14-0003-4,D3S1358,15
RD14-0003-4,D3S1358,16
RD14-0003-4,TH01,8
RD14-0003-4,D13S317,11
RD14-0003-4,D13S317,12
RD14-0003-4,D16S539,11
RD14-0003-4,D2S1338,21
RD14-0003-4,D2S1338,25
RD14-0003-4,D19S433,12.2
RD14-0003-4,D19S433,15
RD14-0003-4,vWA,16
RD14-0003-4,vWA,19
RD14-0003-4,TPOX,10
RD14-0003-4,TPOX,11
RD14-0003-4,D18S51,15
RD14-0003-4,D18S51,17
RD14-0003-4,AMEL,X
RD14-0003-4,AMEL,Y
RD14-0003-4,D5S818,11
RD14-0003-4,D5S818,12
RD14-0003-4,FGA,20
RD14-0003-4,FGA,21
RD14-0003-5,D8S1179,13
RD14-0003-5,D8S1179,14
RD14-0003-5,D21S11,31.2
RD14-0003-5,D21S11,32.2
RD14-0003-5,D7S820,9
RD14-0003-5,CSF1PO,9
RD14-0003-5,CSF1PO,10
RD14-0003-5,D3S1358,15
RD14-0003-5,D3S1358,16
RD14-0003-5,TH01,9.3
RD14-0003-5,D13S317,11
RD14-0003-5,D13S317,12
RD14-0003-5,D16S539,11
RD14-0003-5,D2S1338,20
RD14-0003-5,D19S433,14
RD14-0003-5,D19S433,15
RD14-0003-5,vWA,14
RD14-0003-5,vWA,17
RD14-0003-5,TPOX,8
RD14-0003-5,TPOX,10
RD14-0003-5,D18S51,14
RD14-0003-5,D18S51,16
RD14-0003-5,AMEL,X
RD14-0003-5,AMEL,Y
RD14-0003-5,D5S818,12
RD14-0003-5,FGA,23
RD14-0003-6,D8S1179,13
RD14-0003-6,D8S1179,14
RD14-0003-6,D21S11,28
RD14-0003-6,D21S11,30
RD14-0003-6,D7S820,9
RD14-0003-6,D7S820,10
RD14-0003-6,CSF1PO,10
RD14-0003-6,CSF1PO,11
RD14-0003-6,D3S1358,16
RD14-0003-6,D3S1358,17
RD14-0003-6,TH01,9.3
RD14-0003-6,D13S317,8
RD14-0003-6,D13S317,12
RD14-0003-6,D16S539,9
RD14-0003-6,D16S539,12
RD14-0003-6,D2S1338,17
RD14-0003-6,D2S1338,20
RD14-0003-6,D19S433,14
RD14-0003-6,D19S433,14.2
RD14-0003-6,vWA,17
RD14-0003-6,vWA,18
RD14-0003-6,TPOX,8
RD14-0003-6,TPOX,11
RD14-0003-6,D18S51,16
RD14-0003-6,D18S51,17
RD14-0003-6,AMEL,X
RD14-0003-6,AMEL,Y
RD14-0003-6,D5S818,12
RD14-0003-6,FGA,21
RD14-0003-6,FGA,22
RD14-0003-7,D8S1179,14
RD14-0003-7,D21S11,28
RD14-0003-7,D7S820,8
RD14-0003-7,D7S820,9
RD14-0003-7,CSF1PO,10
RD14-0003-7,CSF1PO,11
RD14-0003-7,D3S1358,17
RD14-0003-7,TH01,6
RD14-0003-7,TH01,8
RD14-0003-7,D13S317,11
RD14-0003-7,D16S539,10
RD14-0003-7,D16S539,13
RD14-0003-7,D2S1338,22
RD14-0003-7,D2S1338,23
RD14-0003-7,D19S433,13
RD14-0003-7,D19S433,16.2
RD14-0003-7,vWA,16
RD14-0003-7,vWA,18
RD14-0003-7,TPOX,8
RD14-0003-7,TPOX,9
RD14-0003-7,D18S51,17
RD14-0003-7,D18S51,19
RD14-0003-7,AMEL,X
RD14-0003-7,D5S818,11
RD14-0003-7,D5S818,13
RD14-0003-7,FGA,24
RD14-0003-7,FGA,27
RD14-0003-8,D8S1179,13
RD14-0003-8,D8S1179,14
RD14-0003-8,D21S11,29
RD14-0003-8,D21S11,31
RD14-0003-8,D7S820,8
RD14-0003-8,D7S820,9
RD14-0003-8,CSF1PO,11
RD14-0003-8,CSF1PO,12
RD14-0003-8,D3S1358,14
RD14-0003-8,D3S1358,15
RD14-0003-8,TH01,9
RD14-0003-8,TH01,9.3
RD14-0003-8,D13S317,8
RD14-0003-8,D13S317,12
RD14-0003-8,D16S539,12
RD14-0003-8,D16S539,13
RD14-0003-8,D2S1338,17
RD14-0003-8,D2S1338,20
RD14-0003-8,D19S433,14
RD14-0003-8,D19S433,15
RD14-0003-8,vWA,14
RD14-0003-8,vWA,19
RD14-0003-8,TPOX,8
RD14-0003-8,D18S51,12
RD14-0003-8,D18S51,14
RD14-0003-8,AMEL,X
RD14-0003-8,AMEL,Y
RD14-0003-8,D5S818,11
RD14-0003-8,D5S818,13
RD14-0003-8,FGA,23
RD14-0003-8,FGA,24
RD14-0003-9,D8S1179,12
RD14-0003-9,D8S1179,13
RD14-0003-9,D21S11,27
RD14-0003-9,D21S11,28
RD14-0003-9,D7S820,11
RD14-0003-9,D7S820,12
RD14-0003-9,CSF1PO,11
RD14-0003-9,CSF1PO,12
RD14-0003-9,D3S1358,15
RD14-0003-9,TH01,6
RD14-0003-9,TH01,7
RD14-0003-9,D13S317,11
RD14-0003-9,D13S317,12
RD14-0003-9,D16S539,11
RD14-0003-9,D16S539,12
RD14-0003-9,D2S1338,16
RD14-0003-9,D2S1338,19
RD14-0003-9,D19S433,13
RD14-0003-9,vWA,15
RD14-0003-9,vWA,16
RD14-0003-9,TPOX,6
RD14-0003-9,TPOX,9
RD14-0003-9,D18S51,20
RD14-0003-9,D18S51,22
RD14-0003-9,AMEL,X
RD14-0003-9,AMEL,Y
RD14-0003-9,D5S818,10
RD14-0003-9,D5S818,11
RD14-0003-9,FGA,22
RD14-0003-9,FGA,23
RD14-0003-10,D8S1179,15
RD14-0003-10,D8S1179,16
RD14-0003-10,D21S11,27
RD14-0003-10,D21S11,29
RD14-0003-10,D7S820,8
RD14-0003-10,D7S820,11
RD14-0003-10,CSF1PO,11
RD14-0003-10,CSF1PO,12
RD14-0003-10,D3S1358,16
RD14-0003-10,TH01,7
RD14-0003-10,D13S317,12
RD14-0003-10,D13S317,13
RD14-0003-10,D16S539,9
RD14-0003-10,D16S539,10
RD14-0003-10,D2S1338,20
RD14-0003-10,D2S1338,24
RD14-0003-10,D19S433,13
RD14-0003-10,D19S433,15.2
RD14-0003-10,vWA,14
RD14-0003-10,vWA,15
RD14-0003-10,TPOX,8
RD14-0003-10,TPOX,11
RD14-0003-10,D18S51,13
RD14-0003-10,D18S51,16
RD14-0003-10,AMEL,X
RD14-0003-10,AMEL,Y
RD14-0003-10,D5S818,12
RD14-0003-10,D5S818,13
RD14-0003-10,FGA,23
RD14-0003-10,FGA,24
RD14-0003-11,D8S1179,13
RD14-0003-11,D8S1179,14
RD14-0003-11,D21S11,30
RD14-0003-11,D21S11,33.2
RD14-0003-11,D7S820,8
RD14-0003-11,D7S820,12
RD14-0003-11,CSF1PO,10
RD14-0003-11,CSF1PO,13
RD14-0003-11,D3S1358,14
RD14-0003-11,D3S1358,17
RD14-0003-11,TH01,7
RD14-0003-11,TH01,9.3
RD14-0003-11,D13S317,12
RD14-0003-11,D13S317,13
RD14-0003-11,D16S539,10
RD14-0003-11,D16S539,11
RD14-0003-11,D2S1338,23
RD14-0003-11,D2S1338,26
RD14-0003-11,D19S433,12
RD14-0003-11,D19S433,14
RD14-0003-11,vWA,15
RD14-0003-11,TPOX,8
RD14-0003-11,TPOX,10
RD14-0003-11,D18S51,17
RD14-0003-11,AMEL,X
RD14-0003-11,AMEL,Y
RD14-0003-11,D5S818,11
RD14-0003-11,FGA,21
RD14-0003-11,FGA,22
RD14-0003-12,D8S1179,11
RD14-0003-12,D8S1179,15
RD14-0003-12,D21S11,29
RD14-0003-12,D21S11,31.2
RD14-0003-12,D7S820,7
RD14-0003-12,D7S820,12
RD14-0003-12,CSF1PO,10
RD14-0003-12,D3S1358,15
RD14-0003-12,D3S1358,18
RD14-0003-12,TH01,6
RD14-0003-12,TH01,9.3
RD14-0003-12,D13S317,8
RD14-0003-12,D13S317,13
RD14-0003-12,D16S539,11
RD14-0003-12,D16S539,13
RD14-0003-12,D2S1338,23
RD14-0003-12,D19S433,12
RD14-0003-12,D19S433,14
RD14-0003-12,vWA,17
RD14-0003-12,vWA,19
RD14-0003-12,TPOX,8
RD14-0003-12,TPOX,11
RD14-0003-12,D18S51,13
RD14-0003-12,D18S51,14
RD14-0003-12,AMEL,X
RD14-0003-12,AMEL,Y
RD14-0003-12,D5S818,10
RD14-0003-12,D5S818,12
RD14-0003-12,FGA,19
RD14-0003-12,FGA,25
RD14-0003-13,D8S1179,13
RD14-0003-13,D8S1179,14
RD14-0003-13,D21S11,32.2
RD14-0003-13,D7S820,8
RD14-0003-13,D7S820,9
RD14-0003-13,CSF1PO,11
RD14-0003-13,CSF1PO,12
RD14-0003-13,D3S1358,15
RD14-0003-13,TH01,7
RD14-0003-13,D13S317,12
RD14-0003-13,D13S317,14
RD14-0003-13,D16S539,8
RD14-0003-13,D16S539,9
RD14-0003-13,D2S1338,17
RD14-0003-13,D2S1338,25
RD14-0003-13,D19S433,11
RD14-0003-13,D19S433,14
RD14-0003-13,vWA,16
RD14-0003-13,TPOX,8
RD14-0003-13,TPOX,11
RD14-0003-13,D18S51,12
RD14-0003-13,D18S51,15
RD14-0003-13,AMEL,X
RD14-0003-13,AMEL,Y
RD14-0003-13,D5S818,12
RD14-0003-13,D5S818,13
RD14-0003-13,FGA,19
RD14-0003-13,FGA,27
RD14-0003-14,D8S1179,11
RD14-0003-14,D8S1179,13
RD14-0003-14,D21S11,24.3
RD14-0003-14,D21S11,30
RD14-0003-14,D7S820,10
RD14-0003-14,CSF1PO,12
RD14-0003-14,D3S1358,16
RD14-0003-14,TH01,6
RD14-0003-14,TH01,8
RD14-0003-14,D13S317,11
RD14-0003-14,D13S317,13
RD14-0003-14,D16S539,9
RD14-0003-14,D16S539,11
RD14-0003-14,D2S1338,17
RD14-0003-14,D2S1338,25
RD14-0003-14,D19S433,14
RD14-0003-14,vWA,15
RD14-0003-14,vWA,16
RD14-0003-14,TPOX,8
RD14-0003-14,TPOX,11
RD14-0003-14,D18S51,16
RD14-0003-14,D18S51,20
RD14-0003-14,AMEL,X
RD14-0003-14,AMEL,Y
RD14-0003-14,D5S818,10
RD14-0003-14,D5S818,11
RD14-0003-14,FGA,21
RD14-0003-14,FGA,25
RD14-0003-15,D8S1179,13
RD14-0003-15,D8S1179,15
RD14-0003-15,D21S11,32.2
RD14-0003-15,D21S11,33
RD14-0003-15,D7S820,10
RD14-0003-15,D7S820,11
RD14-0003-15,CSF1PO,8
RD14-0003-15,CSF1PO,12
RD14-0003-15,D3S1358,15
RD14-0003-15,D3S1358,16
RD14-0003-15,TH01,7
RD14-0003-15,TH01,8
RD14-0003-15,D13S317,11
RD14-0003-15,D13S317,13
RD14-0003-15,D16S539,10
RD14-0003-15,D16S539,11
RD14-0003-15,D2S1338,20
RD14-0003-15,D2S1338,22
RD14-0003-15,D19S433,14
RD14-0003-15,D19S433,14.2
RD14-0003-15,vWA,15
RD14-0003-15,vWA,17
RD14-0003-15,TPOX,8
RD14-0003-15,TPOX,9
RD14-0003-15,D18S51,18
RD14-0003-15,AMEL,X
RD14-0003-15,D5S818,11
RD14-0003-15,D5S818,12
RD14-0003-15,FGA,23
RD14-0003-15,FGA,24
RD14-0003-16,D8S1179,13
RD14-0003-16,D8S1179,14
RD14-0003-16,D21S11,28
RD14-0003-16,D21S11,29
RD14-0003-16,D7S820,8
RD14-0003-16,D7S820,11
RD14-0003-16,CSF1PO,9
RD14-0003-16,CSF1PO,12
RD14-0003-16,D3S1358,16
RD14-0003-16,D3S1358,17
RD14-0003-16,TH01,7
RD14-0003-16,D13S317,10
RD14-0003-16,D13S317,12
RD14-0003-16,D16S539,12
RD14-0003-16,D2S1338,19
RD14-0003-16,D2S1338,22
RD14-0003-16,D19S433,12.2
RD14-0003-16,D19S433,15.2
RD14-0003-16,vWA,15
RD14-0003-16,vWA,18
RD14-0003-16,TPOX,9
RD14-0003-16,D18S51,16
RD14-0003-16,D18S51,18
RD14-0003-16,AMEL,X
RD14-0003-16,AMEL,Y
RD14-0003-16,D5S818,11
RD14-0003-16,D5S818,12
RD14-0003-16,FGA,21
RD14-0003-16,FGA,22
RD14-0003-17,D8S1179,13
RD14-0003-17,D8S1179,15
RD14-0003-17,D21S11,28
RD14-0003-17,D21S11,30
RD14-0003-17,D7S820,10
RD14-0003-17,CSF1PO,7
RD14-0003-17,CSF1PO,10
RD14-0003-17,D3S1358,15
RD14-0003-17,D3S1358,16
RD14-0003-17,TH01,6
RD14-0003-17,TH01,8
RD14-0003-17,D13S317,12
RD14-0003-17,D13S317,13
RD14-0003-17,D16S539,11
RD14-0003-17,D16S539,12
RD14-0003-17,D2S1338,19
RD14-0003-17,D19S433,11
RD14-0003-17,D19S433,13
RD14-0003-17,vWA,16
RD14-0003-17,vWA,17
RD14-0003-17,TPOX,8
RD14-0003-17,TPOX,10
RD14-0003-17,D18S51,16
RD14-0003-17,D18S51,18
RD14-0003-17,AMEL,X
RD14-0003-17,D5S818,11
RD14-0003-17,FGA,20
RD14-0003-17,FGA,23
RD14-0003-18,D8S1179,13
RD14-0003-18,D8S1179,15
RD14-0003-18,D21S11,29
RD14-0003-18,D21S11,30
RD14-0003-18,D7S820,8
RD14-0003-18,D7S820,11
RD14-0003-18,CSF1PO,11
RD14-0003-18,CSF1PO,12
RD14-0003-18,D3S1358,16
RD14-0003-18,D3S1358,18
RD14-0003-18,TH01,7
RD14-0003-18,TH01,9
RD14-0003-18,D13S317,8
RD14-0003-18,D13S317,12
RD14-0003-18,D16S539,9
RD14-0003-18,D2S1338,17
RD14-0003-18,D2S1338,24
RD14-0003-18,D19S433,14
RD14-0003-18,D19S433,15
RD14-0003-18,vWA,11
RD14-0003-18,vWA,16
RD14-0003-18,TPOX,8
RD14-0003-18,TPOX,11
RD14-0003-18,D18S51,19
RD14-0003-18,D18S51,23
RD14-0003-18,AMEL,X
RD14-0003-18,AMEL,Y
RD14-0003-18,D5S818,11
RD14-0003-18,D5S818,12
RD14-0003-18,FGA,20
RD14-0003-18,FGA,22
RD14-0003-19,D8S1179,13
RD14-0003-19,D8S1179,16
RD14-0003-19,D21S11,27
RD14-0003-19,D21S11,31.2
RD14-0003-19,D7S820,9
RD14-0003-19,D7S820,12
RD14-0003-19,CSF1PO,8
RD14-0003-19,CSF1PO,12
RD14-0003-19,D3S1358,15
RD14-0003-19,D3S1358,18
RD14-0003-19,TH01,8
RD14-0003-19,D13S317,11
RD14-0003-19,D13S317,13
RD14-0003-19,D16S539,10
RD14-0003-19,D16S539,11
RD14-0003-19,D2S1338,21
RD14-0003-19,D2S1338,23
RD14-0003-19,D19S433,14
RD14-0003-19,D19S433,15
RD14-0003-19,vWA,14
RD14-0003-19,vWA,17
RD14-0003-19,TPOX,8
RD14-0003-19,D18S51,12
RD14-0003-19,D18S51,18
RD14-0003-19,AMEL,X
RD14-0003-19,AMEL,Y
RD14-0003-19,D5S818,11
RD14-0003-19,FGA,22
RD14-0003-19,FGA,24
RD14-0003-20,D8S1179,15
RD14-0003-20,D8S1179,16
RD14-0003-20,D21S11,27
RD14-0003-20,D21S11,32.2
RD14-0003-20,D7S820,9
RD14-0003-20,D7S820,11
RD14-0003-20,CSF1PO,7
RD14-0003-20,CSF1PO,12
RD14-0003-20,D3S1358,14
RD14-0003-20,D3S1358,16
RD14-0003-20,TH01,8
RD14-0003-20,TH01,9
RD14-0003-20,D13S317,12
RD14-0003-20,D13S317,13
RD14-0003-20,D16S539,9
RD14-0003-20,D2S1338,19
RD14-0003-20,D2S1338,20
RD14-0003-20,D19S433,13
RD14-0003-20,D19S433,13.2
RD14-0003-20,vWA,16
RD14-0003-20,vWA,18
RD14-0003-20,TPOX,6
RD14-0003-20,TPOX,8
RD14-0003-20,D18S51,16
RD14-0003-20,D18S51,17
RD14-0003-20,AMEL,X
RD14-0003-20,AMEL,Y
RD14-0003-20,D5S818,12
RD14-0003-20,D5S818,14
RD14-0003-20,FGA,24
RD14-0003-20,FGA,25
RD14-0003-21,D8S1179,12
RD14-0003-21,D8S1179,15
RD14-0003-21,D21S11,29
RD14-0003-21,D21S11,36
RD14-0003-21,D7S820,10
RD14-0003-21,D7S820,11
RD14-0003-21,CSF1PO,10
RD14-0003-21,CSF1PO,12
RD14-0003-21,D3S1358,16
RD14-0003-21,D3S1358,17
RD14-0003-21,TH01,5
RD14-0003-21,TH01,6
RD14-0003-21,D13S317,12
RD14-0003-21,D16S539,11
RD14-0003-21,D16S539,13
RD14-0003-21,D2S1338,20
RD14-0003-21,D2S1338,21
RD14-0003-21,D19S433,13
RD14-0003-21,D19S433,13.2
RD14-0003-21,vWA,17
RD14-0003-21,vWA,19
RD14-0003-21,TPOX,8
RD14-0003-21,TPOX,11
RD14-0003-21,D18S51,19
RD14-0003-21,D18S51,20
RD14-0003-21,AMEL,X
RD14-0003-21,AMEL,Y
RD14-0003-21,D5S818,8
RD14-0003-21,D5S818,12
RD14-0003-21,FGA,22
RD14-0003-21,FGA,25
RD14-0003-22,D8S1179,14
RD14-0003-22,D8S1179,16
RD14-0003-22,D21S11,28
RD14-0003-22,D21S11,32.2
RD14-0003-22,D7S820,8
RD14-0003-22,D7S820,12
RD14-0003-22,CSF1PO,11
RD14-0003-22,CSF1PO,13
RD14-0003-22,D3S1358,15
RD14-0003-22,D3S1358,17
RD14-0003-22,TH01,7
RD14-0003-22,TH01,8
RD14-0003-22,D13S317,12
RD14-0003-22,D16S539,9
RD14-0003-22,D2S1338,19
RD14-0003-22,D19S433,14.2
RD14-0003-22,D19S433,15
RD14-0003-22,vWA,15
RD14-0003-22,TPOX,10
RD14-0003-22,TPOX,11
RD14-0003-22,D18S51,17
RD14-0003-22,AMEL,X
RD14-0003-22,AMEL,Y
RD14-0003-22,D5S818,10
RD14-0003-22,D5S818,13
RD14-0003-22,FGA,19
RD14-0003-22,FGA,23
RD14-0003-23,D8S1179,13
RD14-0003-23,D21S11,29
RD14-0003-23,D21S11,30
RD14-0003-23,D7S820,11
RD14-0003-23,CSF1PO,7
RD14-0003-23,CSF1PO,10
RD14-0003-23,D3S1358,15
RD14-0003-23,D3S1358,17
RD14-0003-23,TH01,7
RD14-0003-23,TH01,9.3
RD14-0003-23,D13S317,8
RD14-0003-23,D13S317,11
RD14-0003-23,D16S539,8
RD14-0003-23,D16S539,11
RD14-0003-23,D2S1338,18
RD14-0003-23,D2S1338,21
RD14-0003-23,D19S433,13
RD14-0003-23,D19S433,15
RD14-0003-23,vWA,16
RD14-0003-23,vWA,17
RD14-0003-23,TPOX,9
RD14-0003-23,D18S51,10
RD14-0003-23,D18S51,13
RD14-0003-23,AMEL,X
RD14-0003-23,AMEL,Y
RD14-0003-23,D5S818,9
RD14-0003-23,D5S818,12
RD14-0003-23,FGA,23
RD14-0003-23,FGA,26
RD14-0003-24,D8S1179,11
RD14-0003-24,D8S1179,13
RD14-0003-24,D21S11,31.2
RD14-0003-24,D21S11,32.2
RD14-0003-24,D7S820,8
RD14-0003-24,D7S820,11
RD14-0003-24,CSF1PO,10
RD14-0003-24,D3S1358,15
RD14-0003-24,D3S1358,17
RD14-0003-24,TH01,6
RD14-0003-24,TH01,7
RD14-0003-24,D13S317,8
RD14-0003-24,D13S317,12
RD14-0003-24,D16S539,9
RD14-0003-24,D16S539,12
RD14-0003-24,D2S1338,16
RD14-0003-24,D2S1338,23
RD14-0003-24,D19S433,13
RD14-0003-24,D19S433,16.2
RD14-0003-24,vWA,14
RD14-0003-24,vWA,17
RD14-0003-24,TPOX,8
RD14-0003-24,TPOX,12
RD14-0003-24,D18S51,14
RD14-0003-24,D18S51,18
RD14-0003-24,AMEL,X
RD14-0003-24,AMEL,Y
RD14-0003-24,D5S818,12
RD14-0003-24,D5S818,13
RD14-0003-24,FGA,19
RD14-0003-24,FGA,24
RD14-0003-25,D8S1179,13
RD14-0003-25,D21S11,29
RD14-0003-25,D21S11,30
RD14-0003-25,D7S820,10
RD14-0003-25,D7S820,12
RD14-0003-25,CSF1PO,10
RD14-0003-25,CSF1PO,12
RD14-0003-25,D3S1358,16
RD14-0003-25,TH01,8
RD14-0003-25,TH01,9
RD14-0003-25,D13S317,8
RD14-0003-25,D13S317,12
RD14-0003-25,D16S539,9
RD14-0003-25,D16S539,12
RD14-0003-25,D2S1338,19
RD14-0003-25,D2S1338,20
RD14-0003-25,D19S433,13
RD14-0003-25,D19S433,13.2
RD14-0003-25,vWA,16
RD14-0003-25,vWA,20
RD14-0003-25,TPOX,9
RD14-0003-25,TPOX,11
RD14-0003-25,D18S51,14
RD14-0003-25,D18S51,20
RD14-0003-25,AMEL,X
RD14-0003-25,AMEL,Y
RD14-0003-25,D5S818,8
RD14-0003-25,D5S818,10
RD14-0003-25,FGA,21.2
RD14-0003-25,FGA,25
RD14-0003-26,D8S1179,13
RD14-0003-26,D8S1179,14
RD14-0003-26,D21S11,32.2
RD14-0003-26,D21S11,33.2
RD14-0003-26,D7S820,7
RD14-0003-26,D7S820,12
RD14-0003-26,CSF1PO,10
RD14-0003-26,CSF1PO,12
RD14-0003-26,D3S1358,17
RD14-0003-26,D3S1358,18
RD14-0003-26,TH01,9
RD14-0003-26,D13S317,13
RD14-0003-26,D13S317,14
RD14-0003-26,D16S539,11
RD14-0003-26,D16S539,12
RD14-0003-26,D2S1338,23
RD14-0003-26,D2S1338,24
RD14-0003-26,D19S433,14
RD14-0003-26,D19S433,15
RD14-0003-26,vWA,18
RD14-0003-26,vWA,19
RD14-0003-26,TPOX,8
RD14-0003-26,D18S51,14
RD14-0003-26,D18S51,17
RD14-0003-26,AMEL,X
RD14-0003-26,AMEL,Y
RD14-0003-26,D5S818,7
RD14-0003-26,D5S818,10
RD14-0003-26,FGA,20
RD14-0003-26,FGA,23
RD14-0003-27,D8S1179,14
RD14-0003-27,D21S11,30
RD14-0003-27,D21S11,31
RD14-0003-27,D7S820,11
RD14-0003-27,D7S820,13
RD14-0003-27,CSF1PO,11
RD14-0003-27,CSF1PO,12
RD14-0003-27,D3S1358,14
RD14-0003-27,D3S1358,16
RD14-0003-27,TH01,7
RD14-0003-27,TH01,9.3
RD14-0003-27,D13S317,11
RD14-0003-27,D13S317,13
RD14-0003-27,D16S539,11
RD14-0003-27,D16S539,13
RD14-0003-27,D2S1338,19
RD14-0003-27,D2S1338,22
RD14-0003-27,D19S433,13
RD14-0003-27,D19S433,15
RD14-0003-27,vWA,16
RD14-0003-27,vWA,18
RD14-0003-27,TPOX,8
RD14-0003-27,D18S51,12
RD14-0003-27,D18S51,13
RD14-0003-27,AMEL,X
RD14-0003-27,AMEL,Y
RD14-0003-27,D5S818,11
RD14-0003-27,D5S818,12
RD14-0003-27,FGA,25
RD14-0003-27,FGA,26
RD14-0003-28,D8S1179,10
RD14-0003-28,D8S1179,13
RD14-0003-28,D21S11,31.2
RD14-0003-28,D7S820,10
RD14-0003-28,CSF1PO,11
RD14-0003-28,D3S1358,14
RD14-0003-28,D3S1358,15
RD14-0003-28,TH01,6
RD14-0003-28,TH01,9.3
RD14-0003-28,D13S317,8
RD14-0003-28,D16S539,12
RD14-0003-28,D2S1338,19
RD14-0003-28,D2S1338,25
RD14-0003-28,D19S433,14
RD14-0003-28,D19S433,16
RD14-0003-28,vWA,17
RD14-0003-28,TPOX,8
RD14-0003-28,D18S51,12
RD14-0003-28,D18S51,17
RD14-0003-28,AMEL,X
RD14-0003-28,AMEL,Y
RD14-0003-28,D5S818,11
RD14-0003-28,D5S818,12
RD14-0003-28,FGA,21
RD14-0003-29,D8S1179,12
RD14-0003-29,D8S1179,15
RD14-0003-29,D21S11,28
RD14-0003-29,D21S11,31.2
RD14-0003-29,D7S820,12
RD14-0003-29,CSF1PO,9
RD14-0003-29,CSF1PO,10
RD14-0003-29,D3S1358,18
RD14-0003-29,TH01,8
RD14-0003-29,TH01,9
RD14-0003-29,D13S317,11
RD14-0003-29,D13S317,12
RD14-0003-29,D16S539,11
RD14-0003-29,D2S1338,23
RD14-0003-29,D2S1338,24
RD14-0003-29,D19S433,14
RD14-0003-29,D19S433,15
RD14-0003-29,vWA,17
RD14-0003-29,vWA,19
RD14-0003-29,TPOX,10
RD14-0003-29,TPOX,11
RD14-0003-29,D18S51,13
RD14-0003-29,D18S51,14
RD14-0003-29,AMEL,X
RD14-0003-29,AMEL,Y
RD14-0003-29,D5S818,12
RD14-0003-29,D5S818,13
RD14-0003-29,FGA,23
RD14-0003-29,FGA,24
RD14-0003-30,D8S1179,13
RD14-0003-30,D8S1179,16
RD14-0003-30,D21S11,29
RD14-0003-30,D7S820,8
RD14-0003-30,D7S820,11
RD14-0003-30,CSF1PO,12
RD14-0003-30,CSF1PO,13
RD14-0003-30,D3S1358,15
RD14-0003-30,D3S1358,17
RD14-0003-30,TH01,6
RD14-0003-30,TH01,7
RD14-0003-30,D13S317,11
RD14-0003-30,D13S317,12
RD14-0003-30,D16S539,11
RD14-0003-30,D16S539,13
RD14-0003-30,D2S1338,17
RD14-0003-30,D2S1338,22
RD14-0003-30,D19S433,12
RD14-0003-30,D19S433,12.2
RD14-0003-30,vWA,15
RD14-0003-30,vWA,18
RD14-0003-30,TPOX,11
RD14-0003-30,D18S51,14
RD14-0003-30,D18S51,16
RD14-0003-30,AMEL,X
RD14-0003-30,AMEL,Y
RD14-0003-30,D5S818,11
RD14-0003-30,D5S818,12
RD14-0003-30,FGA,19
RD14-0003-30,FGA,22
RD14-0003-31,D8S1179,11
RD14-0003-31,D8S1179,13
RD14-0003-31,D21S11,29
RD14-0003-31,D21S11,31.2
RD14-0003-31,D7S820,13
RD14-0003-31,CSF1PO,11
RD14-0003-31,CSF1PO,12
RD14-0003-31,D3S1358,15
RD14-0003-31,D3S1358,16
RD14-0003-31,TH01,7
RD14-0003-31,TH01,9.3
RD14-0003-31,D13S317,11
RD14-0003-31,D13S317,12
RD14-0003-31,D16S539,10
RD14-0003-31,D16S539,12
RD14-0003-31,D2S1338,19
RD14-0003-31,D19S433,14
RD14-0003-31,D19S433,16
RD14-0003-31,vWA,15
RD14-0003-31,vWA,18
RD14-0003-31,TPOX,8
RD14-0003-31,D18S51,14
RD14-0003-31,D18S51,15
RD14-0003-31,AMEL,X
RD14-0003-31,AMEL,Y
RD14-0003-31,D5S818,10
RD14-0003-31,FGA,21
RD14-0003-31,FGA,27
RD14-0003-32,D8S1179,12
RD14-0003-32,D8S1179,14
RD14-0003-32,D21S11,29
RD14-0003-32,D21S11,31
RD14-0003-32,D7S820,11
RD14-0003-32,CSF1PO,10
RD14-0003-32,CSF1PO,12
RD14-0003-32,D3S1358,15
RD14-0003-32,D3S1358,16
RD14-0003-32,TH01,9
RD14-0003-32,TH01,9.3
RD14-0003-32,D13S317,12
RD14-0003-32,D16S539,11
RD14-0003-32,D16S539,13
RD14-0003-32,D2S1338,19
RD14-0003-32,D2S1338,22
RD14-0003-32,D19S433,11
RD14-0003-32,D19S433,13
RD14-0003-32,vWA,16
RD14-0003-32,vWA,18
RD14-0003-32,TPOX,6
RD14-0003-32,TPOX,8
RD14-0003-32,D18S51,12
RD14-0003-32,D18S51,17
RD14-0003-32,AMEL,X
RD14-0003-32,AMEL,Y
RD14-0003-32,D5S818,11
RD14-0003-32,D5S818,13
RD14-0003-32,FGA,21
RD14-0003-32,FGA,23
RD14-0003-33,D8S1179,12
RD14-0003-33,D8S1179,13
RD14-0003-33,D21S11,31.2
RD14-0003-33,D21S11,35
RD14-0003-33,D7S820,11
RD14-0003-33,CSF1PO,12
RD14-0003-33,D3S1358,15
RD14-0003-33,D3S1358,18
RD14-0003-33,TH01,9
RD14-0003-33,TH01,9.3
RD14-0003-33,D13S317,12
RD14-0003-33,D13S317,13
RD14-0003-33,D16S539,11
RD14-0003-33,D16S539,12
RD14-0003-33,D2S1338,20
RD14-0003-33,D2S1338,23
RD14-0003-33,D19S433,13
RD14-0003-33,D19S433,15
RD14-0003-33,vWA,16
RD14-0003-33,vWA,17
RD14-0003-33,TPOX,11
RD14-0003-33,TPOX,12
RD14-0003-33,D18S51,16
RD14-0003-33,AMEL,X
RD14-0003-33,AMEL,Y
RD14-0003-33,D5S818,11
RD14-0003-33,D5S818,13
RD14-0003-33,FGA,20
RD14-0003-33,FGA,21
RD14-0003-34,D8S1179,11
RD14-0003-34,D8S1179,12
RD14-0003-34,D21S11,28
RD14-0003-34,D21S11,31.2
RD14-0003-34,D7S820,8
RD14-0003-34,D7S820,9
RD14-0003-34,CSF1PO,11
RD14-0003-34,CSF1PO,12
RD14-0003-34,D3S1358,15
RD14-0003-34,TH01,8
RD14-0003-34,TH01,9.3
RD14-0003-34,D13S317,11
RD14-0003-34,D16S539,8
RD14-0003-34,D16S539,12
RD14-0003-34,D2S1338,17
RD14-0003-34,D2S1338,19
RD14-0003-34,D19S433,13
RD14-0003-34,D19S433,13.2
RD14-0003-34,vWA,17
RD14-0003-34,vWA,18
RD14-0003-34,TPOX,11
RD14-0003-34,TPOX,12
RD14-0003-34,D18S51,14
RD14-0003-34,D18S51,19
RD14-0003-34,AMEL,X
RD14-0003-34,AMEL,Y
RD14-0003-34,D5S818,12
RD14-0003-34,D5S818,13
RD14-0003-34,FGA,24
RD14-0003-35,D8S1179,10
RD14-0003-35,D8S1179,15
RD14-0003-35,D21S11,28
RD14-0003-35,D21S11,30
RD14-0003-35,D7S820,9
RD14-0003-35,D7S820,12
RD14-0003-35,CSF1PO,10
RD14-0003-35,CSF1PO,12
RD14-0003-35,D3S1358,15
RD14-0003-35,D3S1358,17
RD14-0003-35,TH01,7
RD14-0003-35,TH01,8
RD14-0003-35,D13S317,11
RD14-0003-35,D13S317,12
RD14-0003-35,D16S539,9
RD14-0003-35,D16S539,11
RD14-0003-35,D2S1338,25
RD14-0003-35,D19S433,11
RD14-0003-35,D19S433,16.2
RD14-0003-35,vWA,16
RD14-0003-35,vWA,17
RD14-0003-35,TPOX,11
RD14-0003-35,D18S51,12
RD14-0003-35,D18S51,20
RD14-0003-35,AMEL,X
RD14-0003-35,AMEL,Y
RD14-0003-35,D5S818,12
RD14-0003-35,FGA,19.2
RD14-0003-35,FGA,24
RD14-0003-36,D8S1179,10
RD14-0003-36,D8S1179,13
RD14-0003-36,D21S11,28
RD14-0003-36,D7S820,9
RD14-0003-36,D7S820,10
RD14-0003-36,CSF1PO,10
RD14-0003-36,D3S1358,15
RD14-0003-36,D3S1358,16
RD14-0003-36,TH01,8
RD14-0003-36,TH01,9.3
RD14-0003-36,D13S317,11
RD14-0003-36,D16S539,9
RD14-0003-36,D16S539,11
RD14-0003-36,D2S1338,18
RD14-0003-36,D2S1338,19
RD14-0003-36,D19S433,10.2
RD14-0003-36,D19S433,14
RD14-0003-36,vWA,15
RD14-0003-36,vWA,16
RD14-0003-36,TPOX,6
RD14-0003-36,TPOX,8
RD14-0003-36,D18S51,17
RD14-0003-36,D18S51,18
RD14-0003-36,AMEL,X
RD14-0003-36,AMEL,Y
RD14-0003-36,D5S818,10
RD14-0003-36,D5S818,12
RD14-0003-36,FGA,23
RD14-0003-36,FGA,24
RD14-0003-37,D8S1179,13
RD14-0003-37,D21S11,29
RD14-0003-37,D21S11,31.2
RD14-0003-37,D7S820,8
RD14-0003-37,D7S820,11
RD14-0003-37,CSF1PO,10
RD14-0003-37,CSF1PO,12
RD14-0003-37,D3S1358,14
RD14-0003-37,D3S1358,15
RD14-0003-37,TH01,6
RD14-0003-37,TH01,7
RD14-0003-37,D13S317,9
RD14-0003-37,D13S317,11
RD14-0003-37,D16S539,11
RD14-0003-37,D16S539,12
RD14-0003-37,D2S1338,18
RD14-0003-37,D2S1338,20
RD14-0003-37,D19S433,13
RD14-0003-37,D19S433,14
RD14-0003-37,vWA,16
RD14-0003-37,vWA,18
RD14-0003-37,TPOX,8
RD14-0003-37,TPOX,12
RD14-0003-37,D18S51,15
RD14-0003-37,D18S51,17
RD14-0003-37,AMEL,X
RD14-0003-37,AMEL,Y
RD14-0003-37,D5S818,11
RD14-0003-37,D5S818,12
RD14-0003-37,FGA,22
RD14-0003-38,D8S1179,12
RD14-0003-38,D8S1179,15
RD14-0003-38,D21S11,28
RD14-0003-38,D21S11,30
RD14-0003-38,D7S820,8
RD14-0003-38,D7S820,11
RD14-0003-38,CSF1PO,11
RD14-0003-38,CSF1PO,12
RD14-0003-38,D3S1358,17
RD14-0003-38,TH01,7
RD14-0003-38,D13S317,12
RD14-0003-38,D16S539,11
RD14-0003-38,D16S539,13
RD14-0003-38,D2S1338,16
RD14-0003-38,D2S1338,19
RD14-0003-38,D19S433,14
RD14-0003-38,D19S433,14.2
RD14-0003-38,vWA,17
RD14-0003-38,vWA,18
RD14-0003-38,TPOX,8
RD14-0003-38,TPOX,10
RD14-0003-38,D18S51,15
RD14-0003-38,D18S51,17
RD14-0003-38,AMEL,X
RD14-0003-38,AMEL,Y
RD14-0003-38,D5S818,11
RD14-0003-38,D5S818,13
RD14-0003-38,FGA,22
RD14-0003-38,FGA,25
RD14-0003-39,D8S1179,10
RD14-0003-39,D8S1179,13
RD14-0003-39,D21S11,30
RD14-0003-39,D7S820,9
RD14-0003-39,D7S820,12
RD14-0003-39,CSF1PO,10
RD14-0003-39,CSF1PO,12
RD14-0003-39,D3S1358,16
RD14-0003-39,D3S1358,17
RD14-0003-39,TH01,6
RD14-0003-39,TH01,9.3
RD14-0003-39,D13S317,10
RD14-0003-39,D13S317,12
RD14-0003-39,D16S539,9
RD14-0003-39,D16S539,13
RD14-0003-39,D2S1338,16
RD14-0003-39,D2S1338,19
RD14-0003-39,D19S433,13
RD14-0003-39,D19S433,14
RD14-0003-39,vWA,18
RD14-0003-39,vWA,19
RD14-0003-39,TPOX,8
RD14-0003-39,TPOX,11
RD14-0003-39,D18S51,13
RD14-0003-39,D18S51,20
RD14-0003-39,AMEL,X
RD14-0003-39,AMEL,Y
RD14-0003-39,D5S818,12
RD14-0003-39,D5S818,13
RD14-0003-39,FGA,22
RD14-0003-39,FGA,22.2
RD14-0003-40,D8S1179,14
RD14-0003-40,D8S1179,15
RD14-0003-40,D21S11,28
RD14-0003-40,D21S11,29
RD14-0003-40,D7S820,9
RD14-0003-40,D7S820,11
RD14-0003-40,CSF1PO,8
RD14-0003-40,CSF1PO,12
RD14-0003-40,D3S1358,15
RD14-0003-40,D3S1358,17
RD14-0003-40,TH01,8
RD14-0003-40,D13S317,12
RD14-0003-40,D16S539,13
RD14-0003-40,D2S1338,19
RD14-0003-40,D2S1338,25
RD14-0003-40,D19S433,11
RD14-0003-40,D19S433,13
RD14-0003-40,vWA,15
RD14-0003-40,vWA,17
RD14-0003-40,TPOX,8
RD14-0003-40,TPOX,12
RD14-0003-40,D18S51,12
RD14-0003-40,D18S51,15
RD14-0003-40,AMEL,X
RD14-0003-40,AMEL,Y
RD14-0003-40,D5S818,12
RD14-0003-40,D5S818,13
RD14-0003-40,FGA,26
RD14-0003-40,FGA,28
RD14-0003-41,D8S1179,13
RD14-0003-41,D8S1179,14
RD14-0003-41,D21S11,31
RD14-0003-41,D21S11,35
RD14-0003-41,D7S820,11
RD14-0003-41,CSF1PO,12
RD14-0003-41,D3S1358,16
RD14-0003-41,D3S1358,17
RD14-0003-41,TH01,7
RD14-0003-41,D13S317,12
RD14-0003-41,D13S317,13
RD14-0003-41,D16S539,9
RD14-0003-41,D16S539,11
RD14-0003-41,D2S1338,20
RD14-0003-41,D2S1338,22
RD14-0003-41,D19S433,13
RD14-0003-41,D19S433,16.2
RD14-0003-41,vWA,18
RD14-0003-41,vWA,19
RD14-0003-41,TPOX,8
RD14-0003-41,D18S51,13
RD14-0003-41,D18S51,19
RD14-0003-41,AMEL,X
RD14-0003-41,AMEL,Y
RD14-0003-41,D5S818,11
RD14-0003-41,FGA,22
RD14-0003-41,FGA,27
RD14-0003-42,D8S1179,12
RD14-0003-42,D8S1179,14
RD14-0003-42,D21S11,30
RD14-0003-42,D21S11,31.2
RD14-0003-42,D7S820,11
RD14-0003-42,CSF1PO,10
RD14-0003-42,CSF1PO,12
RD14-0003-42,D3S1358,15
RD14-0003-42,D3S1358,16
RD14-0003-42,TH01,9
RD14-0003-42,TH01,9.3
RD14-0003-42,D13S317,12
RD14-0003-42,D13S317,13
RD14-0003-42,D16S539,9
RD14-0003-42,D16S539,12
RD14-0003-42,D2S1338,22
RD14-0003-42,D2S1338,23
RD14-0003-42,D19S433,14
RD14-0003-42,D19S433,14.2
RD14-0003-42,vWA,16
RD14-0003-42,vWA,17
RD14-0003-42,TPOX,8
RD14-0003-42,TPOX,10
RD14-0003-42,D18S51,17
RD14-0003-42,D18S51,18
RD14-0003-42,AMEL,X
RD14-0003-42,D5S818,12
RD14-0003-42,D5S818,13
RD14-0003-42,FGA,20
RD14-0003-42,FGA,21
RD14-0003-43,D8S1179,11
RD14-0003-43,D8S1179,13
RD14-0003-43,D21S11,27
RD14-0003-43,D21S11,29
RD14-0003-43,D7S820,8
RD14-0003-43,D7S820,9
RD14-0003-43,CSF1PO,10
RD14-0003-43,CSF1PO,12
RD14-0003-43,D3S1358,15
RD14-0003-43,TH01,8
RD14-0003-43,TH01,9.3
RD14-0003-43,D13S317,11
RD14-0003-43,D13S317,12
RD14-0003-43,D16S539,10
RD14-0003-43,D2S1338,19
RD14-0003-43,D2S1338,22
RD14-0003-43,D19S433,13.2
RD14-0003-43,D19S433,14
RD14-0003-43,vWA,13
RD14-0003-43,vWA,17
RD14-0003-43,TPOX,8
RD14-0003-43,TPOX,11
RD14-0003-43,D18S51,18
RD14-0003-43,D18S51,19
RD14-0003-43,AMEL,X
RD14-0003-43,AMEL,Y
RD14-0003-43,D5S818,11
RD14-0003-43,D5S818,12
RD14-0003-43,FGA,21
RD14-0003-43,FGA,28
RD14-0003-44,D8S1179,14
RD14-0003-44,D8S1179,15
RD14-0003-44,D21S11,28
RD14-0003-44,D21S11,32
RD14-0003-44,D7S820,8
RD14-0003-44,D7S820,10
RD14-0003-44,CSF1PO,11
RD14-0003-44,CSF1PO,12
RD14-0003-44,D3S1358,15
RD14-0003-44,D3S1358,16
RD14-0003-44,TH01,6
RD14-0003-44,TH01,9.3
RD14-0003-44,D13S317,8
RD14-0003-44,D16S539,10
RD14-0003-44,D16S539,11
RD14-0003-44,D2S1338,16
RD14-0003-44,D2S1338,19
RD14-0003-44,D19S433,13
RD14-0003-44,D19S433,15
RD14-0003-44,vWA,20
RD14-0003-44,TPOX,11
RD14-0003-44,D18S51,12
RD14-0003-44,D18S51,14
RD14-0003-44,AMEL,X
RD14-0003-44,AMEL,Y
RD14-0003-44,D5S818,11
RD14-0003-44,D5S818,12
RD14-0003-44,FGA,23
RD14-0003-44,FGA,24
RD14-0003-45,D8S1179,10
RD14-0003-45,D8S1179,14
RD14-0003-45,D21S11,28
RD14-0003-45,D21S11,31
RD14-0003-45,D7S820,9
RD14-0003-45,D7S820,10
RD14-0003-45,CSF1PO,11
RD14-0003-45,CSF1PO,12
RD14-0003-45,D3S1358,15
RD14-0003-45,D3S1358,17
RD14-0003-45,TH01,7
RD14-0003-45,TH01,9
RD14-0003-45,D13S317,12
RD14-0003-45,D13S317,13
RD14-0003-45,D16S539,10
RD14-0003-45,D16S539,11
RD14-0003-45,D2S1338,19
RD14-0003-45,D2S1338,25
RD14-0003-45,D19S433,11
RD14-0003-45,D19S433,14
RD14-0003-45,vWA,13
RD14-0003-45,vWA,16
RD14-0003-45,TPOX,8
RD14-0003-45,TPOX,11
RD14-0003-45,D18S51,16
RD14-0003-45,D18S51,17
RD14-0003-45,AMEL,X
RD14-0003-45,AMEL,Y
RD14-0003-45,D5S818,11
RD14-0003-45,FGA,21
RD14-0003-45,FGA,25
RD14-0003-46,D8S1179,11
RD14-0003-46,D8S1179,14
RD14-0003-46,D21S11,31
RD14-0003-46,D21S11,32.2
RD14-0003-46,D7S820,9
RD14-0003-46,D7S820,12
RD14-0003-46,CSF1PO,10
RD14-0003-46,CSF1PO,11
RD14-0003-46,D3S1358,14
RD14-0003-46,D3S1358,15
RD14-0003-46,TH01,7
RD14-0003-46,TH01,9
RD14-0003-46,D13S317,12
RD14-0003-46,D16S539,12
RD14-0003-46,D2S1338,25
RD14-0003-46,D19S433,10
RD14-0003-46,D19S433,13
RD14-0003-46,vWA,16
RD14-0003-46,TPOX,8
RD14-0003-46,D18S51,13
RD14-0003-46,D18S51,18
RD14-0003-46,AMEL,X
RD14-0003-46,AMEL,Y
RD14-0003-46,D5S818,11
RD14-0003-46,FGA,25
RD14-0003-46,FGA,26
RD14-0003-47,D8S1179,13
RD14-0003-47,D21S11,27
RD14-0003-47,D21S11,30
RD14-0003-47,D7S820,9
RD14-0003-47,D7S820,10
RD14-0003-47,CSF1PO,12
RD14-0003-47,D3S1358,14
RD14-0003-47,TH01,6
RD14-0003-47,TH01,9
RD14-0003-47,D13S317,12
RD14-0003-47,D16S539,11
RD14-0003-47,D16S539,12
RD14-0003-47,D2S1338,23
RD14-0003-47,D2S1338,24
RD14-0003-47,D19S433,13
RD14-0003-47,D19S433,14.2
RD14-0003-47,vWA,16
RD14-0003-47,vWA,18
RD14-0003-47,TPOX,8
RD14-0003-47,TPOX,10
RD14-0003-47,D18S51,13
RD14-0003-47,D18S51,15
RD14-0003-47,AMEL,X
RD14-0003-47,AMEL,Y
RD14-0003-47,D5S818,12
RD14-0003-47,D5S818,13
RD14-0003-47,FGA,21
RD14-0003-47,FGA,22
RD14-0003-48,D8S1179,14
RD14-0003-48,D21S11,29
RD14-0003-48,D21S11,31.2
RD14-0003-48,D7S820,8
RD14-0003-48,D7S820,10
RD14-0003-48,CSF1PO,10
RD14-0003-48,D3S1358,15
RD14-0003-48,D3S1358,18
RD14-0003-48,TH01,7
RD14-0003-48,TH01,9
RD14-0003-48,D13S317,11
RD14-0003-48,D13S317,12
RD14-0003-48,D16S539,9
RD14-0003-48,D16S539,13
RD14-0003-48,D2S1338,17
RD14-0003-48,D2S1338,25
RD14-0003-48,D19S433,14
RD14-0003-48,D19S433,15
RD14-0003-48,vWA,16
RD14-0003-48,vWA,17
RD14-0003-48,TPOX,8
RD14-0003-48,TPOX,9
RD14-0003-48,D18S51,12
RD14-0003-48,D18S51,17
RD14-0003-48,AMEL,X
RD14-0003-48,AMEL,Y
RD14-0003-48,D5S818,12
RD14-0003-48,D5S818,14
RD14-0003-48,FGA,19
RD14-0003-48,FGA,27
RD14-0003-49,D8S1179,10
RD14-0003-49,D8S1179,13
RD14-0003-49,D21S11,29
RD14-0003-49,D21S11,32.2
RD14-0003-49,D7S820,8
RD14-0003-49,D7S820,9
RD14-0003-49,CSF1PO,10
RD14-0003-49,D3S1358,14
RD14-0003-49,D3S1358,17
RD14-0003-49,TH01,6
RD14-0003-49,TH01,9
RD14-0003-49,D13S317,12
RD14-0003-49,D13S317,13
RD14-0003-49,D16S539,10
RD14-0003-49,D16S539,13
RD14-0003-49,D2S1338,17
RD14-0003-49,D19S433,12
RD14-0003-49,D19S433,13
RD14-0003-49,vWA,17
RD14-0003-49,vWA,18
RD14-0003-49,TPOX,11
RD14-0003-49,D18S51,12
RD14-0003-49,D18S51,17
RD14-0003-49,AMEL,X
RD14-0003-49,AMEL,Y
RD14-0003-49,D5S818,11
RD14-0003-49,D5S818,13
RD14-0003-49,FGA,23
RD14-0003-49,FGA,24
RD14-0003-50,D8S1179,10
RD14-0003-50,D8S1179,15
RD14-0003-50,D21S11,32.2
RD14-0003-50,D21S11,33.2
RD14-0003-50,D7S820,8
RD14-0003-50,D7S820,12
RD14-0003-50,CSF1PO,11
RD14-0003-50,CSF1PO,13
RD14-0003-50,D3S1358,16
RD14-0003-50,D3S1358,17
RD14-0003-50,TH01,6
RD14-0003-50,TH01,7
RD14-0003-50,D13S317,11
RD14-0003-50,D13S317,12
RD14-0003-50,D16S539,12
RD14-0003-50,D16S539,13
RD14-0003-50,D2S1338,21
RD14-0003-50,D2S1338,22
RD14-0003-50,D19S433,11
RD14-0003-50,D19S433,12
RD14-0003-50,vWA,15
RD14-0003-50,vWA,18
RD14-0003-50,TPOX,7
RD14-0003-50,TPOX,11
RD14-0003-50,D18S51,16
RD14-0003-50,D18S51,20
RD14-0003-50,AMEL,X
RD14-0003-50,AMEL,Y
RD14-0003-50,D5S818,11
RD14-0003-50,FGA,19
